"n","mtry","numtrees","replace","samplefraction","minnodesize","optimizationAlgo","kgeTrain","nseTrain","kgeTest","nseTest","general.attrToInst","general.freqClass.mean","general.freqClass.sd","general.instToAttr","general.nrAttr","general.nrBin","general.nrCat","general.nrClass","general.nrInst","general.nrNum","correlation.C2.mean","correlation.C2.sd","correlation.C3.mean","correlation.C3.sd","correlation.C4","linearity.L1.mean","linearity.L1.sd","linearity.L2.mean","linearity.L3.mean","linearity.L3.sd","smoothness.S1.mean","smoothness.S1.sd","smoothness.S2.mean","smoothness.S2.sd","smoothness.S3.mean","smoothness.S3.sd","smoothness.S4.mean","smoothness.S4.sd","dimensionality.T2","dimensionality.T3","dimensionality.T4"
1,0.0989010989010989,500,TRUE,1,0.256959216859405,"default",0.722430618804473,0.740998179604276,0.7399282790959,0.784677193075206,0.173333333333333,0.0123456790123457,0.00795743273309226,5.76923076923077,91,2,4,81,525,87,0.226200950620832,0.14482563871272,0.624950495049505,0.212210395739464,0.497142857142857,0.077978339032293,0.0616560238697348,0.00987484575141401,0.00741865900439093,0.0121794063727609,0.113493488998653,0.108228753633821,0.139655136225442,0.0621714294038774,0.0238753007085187,0.0511689529081432,0.00310791934409216,0.0164803179173305,0.192380952380952,0.0019047619047619,0.0099009900990099
1,0.252747252747253,983,FALSE,0.703,0,"optimal default",0.756705302221111,0.761358455064176,0.781128788960783,0.806141434961569,0.173333333333333,0.0123456790123457,0.00795743273309226,5.76923076923077,91,2,4,81,525,87,0.226200950620832,0.14482563871272,0.624950495049505,0.212210395739464,0.497142857142857,0.077978339032293,0.0616560238697348,0.00987484575141401,0.00741865900439093,0.0121794063727609,0.113493488998653,0.108228753633821,0.139655136225442,0.0621714294038774,0.0238753007085187,0.0511689529081432,0.00310791934409216,0.0164803179173305,0.192380952380952,0.0019047619047619,0.0099009900990099
1,0.0389029174111784,1617,FALSE,0.229434355651028,0.589400120778009,"random search",0.398412249721056,0.481787269360099,0.431135407423364,0.553177092424061,0.173333333333333,0.0123456790123457,0.00795743273309226,5.76923076923077,91,2,4,81,525,87,0.226200950620832,0.14482563871272,0.624950495049505,0.212210395739464,0.497142857142857,0.077978339032293,0.0616560238697348,0.00987484575141401,0.00741865900439093,0.0121794063727609,0.113493488998653,0.108228753633821,0.139655136225442,0.0621714294038774,0.0238753007085187,0.0511689529081432,0.00310791934409216,0.0164803179173305,0.192380952380952,0.0019047619047619,0.0099009900990099
2,0.681338203838095,107,TRUE,0.157520758546889,0.69331763451919,"random search",-0.47204552466266,-0.00238357450995608,0.400684442421289,0.512294754227679,0.173333333333333,0.0123456790123457,0.00795743273309226,5.76923076923077,91,2,4,81,525,87,0.226200950620832,0.14482563871272,0.624950495049505,0.212210395739464,0.497142857142857,0.077978339032293,0.0616560238697348,0.00987484575141401,0.00741865900439093,0.0121794063727609,0.113493488998653,0.108228753633821,0.139655136225442,0.0621714294038774,0.0238753007085187,0.0511689529081432,0.00310791934409216,0.0164803179173305,0.192380952380952,0.0019047619047619,0.0099009900990099
3,0.78349771280773,499,FALSE,0.141622748738155,0.696229661349207,"random search",-0.503907992316587,-0.00602024618551811,-0.461202649855759,-0.0061298686898752,0.173333333333333,0.0123456790123457,0.00795743273309226,5.76923076923077,91,2,4,81,525,87,0.226200950620832,0.14482563871272,0.624950495049505,0.212210395739464,0.497142857142857,0.077978339032293,0.0616560238697348,0.00987484575141401,0.00741865900439093,0.0121794063727609,0.113493488998653,0.108228753633821,0.139655136225442,0.0621714294038774,0.0238753007085187,0.0511689529081432,0.00310791934409216,0.0164803179173305,0.192380952380952,0.0019047619047619,0.0099009900990099
4,0.234246440697461,929,FALSE,0.636859516380355,0.436085424153134,"random search",0.725423525105687,0.730005447279289,0.745754312882925,0.784343839800483,0.173333333333333,0.0123456790123457,0.00795743273309226,5.76923076923077,91,2,4,81,525,87,0.226200950620832,0.14482563871272,0.624950495049505,0.212210395739464,0.497142857142857,0.077978339032293,0.0616560238697348,0.00987484575141401,0.00741865900439093,0.0121794063727609,0.113493488998653,0.108228753633821,0.139655136225442,0.0621714294038774,0.0238753007085187,0.0511689529081432,0.00310791934409216,0.0164803179173305,0.192380952380952,0.0019047619047619,0.0099009900990099
5,0.0473637871909887,62,FALSE,0.709717203280888,0.122352021746337,"random search",0.72301647586805,0.749275921657766,0.732234624213134,0.771800062183931,0.173333333333333,0.0123456790123457,0.00795743273309226,5.76923076923077,91,2,4,81,525,87,0.226200950620832,0.14482563871272,0.624950495049505,0.212210395739464,0.497142857142857,0.077978339032293,0.0616560238697348,0.00987484575141401,0.00741865900439093,0.0121794063727609,0.113493488998653,0.108228753633821,0.139655136225442,0.0621714294038774,0.0238753007085187,0.0511689529081432,0.00310791934409216,0.0164803179173305,0.192380952380952,0.0019047619047619,0.0099009900990099
6,0.269222825299948,1208,TRUE,0.255268116737716,0.980592144653201,"random search",-0.477253435419487,-0.00225223941189534,-0.425045728124429,-0.00480866518240952,0.173333333333333,0.0123456790123457,0.00795743273309226,5.76923076923077,91,2,4,81,525,87,0.226200950620832,0.14482563871272,0.624950495049505,0.212210395739464,0.497142857142857,0.077978339032293,0.0616560238697348,0.00987484575141401,0.00741865900439093,0.0121794063727609,0.113493488998653,0.108228753633821,0.139655136225442,0.0621714294038774,0.0238753007085187,0.0511689529081432,0.00310791934409216,0.0164803179173305,0.192380952380952,0.0019047619047619,0.0099009900990099
7,0.310583942336962,636,FALSE,0.639418503036723,0.200520980870351,"random search",0.755224198836637,0.755863667344989,0.778124714869185,0.801637405300633,0.173333333333333,0.0123456790123457,0.00795743273309226,5.76923076923077,91,2,4,81,525,87,0.226200950620832,0.14482563871272,0.624950495049505,0.212210395739464,0.497142857142857,0.077978339032293,0.0616560238697348,0.00987484575141401,0.00741865900439093,0.0121794063727609,0.113493488998653,0.108228753633821,0.139655136225442,0.0621714294038774,0.0238753007085187,0.0511689529081432,0.00310791934409216,0.0164803179173305,0.192380952380952,0.0019047619047619,0.0099009900990099
8,0.403850876959041,1681,FALSE,0.930277459206991,0.724474081536755,"random search",0.635653082449779,0.637945587567651,0.670372260949657,0.707597085035665,0.173333333333333,0.0123456790123457,0.00795743273309226,5.76923076923077,91,2,4,81,525,87,0.226200950620832,0.14482563871272,0.624950495049505,0.212210395739464,0.497142857142857,0.077978339032293,0.0616560238697348,0.00987484575141401,0.00741865900439093,0.0121794063727609,0.113493488998653,0.108228753633821,0.139655136225442,0.0621714294038774,0.0238753007085187,0.0511689529081432,0.00310791934409216,0.0164803179173305,0.192380952380952,0.0019047619047619,0.0099009900990099
9,0.866521710995585,1413,TRUE,0.415524519886821,0.705654898658395,"random search",0.584988466704758,0.589502433078446,0.625635861320568,0.664286821206794,0.173333333333333,0.0123456790123457,0.00795743273309226,5.76923076923077,91,2,4,81,525,87,0.226200950620832,0.14482563871272,0.624950495049505,0.212210395739464,0.497142857142857,0.077978339032293,0.0616560238697348,0.00987484575141401,0.00741865900439093,0.0121794063727609,0.113493488998653,0.108228753633821,0.139655136225442,0.0621714294038774,0.0238753007085187,0.0511689529081432,0.00310791934409216,0.0164803179173305,0.192380952380952,0.0019047619047619,0.0099009900990099
10,0.750841813161969,768,FALSE,0.435180993098766,0.771757091162726,"random search",0.522523895318848,0.541846127712675,0.553067226117995,0.602251190147398,0.173333333333333,0.0123456790123457,0.00795743273309226,5.76923076923077,91,2,4,81,525,87,0.226200950620832,0.14482563871272,0.624950495049505,0.212210395739464,0.497142857142857,0.077978339032293,0.0616560238697348,0.00987484575141401,0.00741865900439093,0.0121794063727609,0.113493488998653,0.108228753633821,0.139655136225442,0.0621714294038774,0.0238753007085187,0.0511689529081432,0.00310791934409216,0.0164803179173305,0.192380952380952,0.0019047619047619,0.0099009900990099
11,0.557246966287494,1921,FALSE,0.965765070985071,0.420256523881108,"random search",0.771250323320506,0.751135621030632,0.805896610556558,0.79502825685542,0.173333333333333,0.0123456790123457,0.00795743273309226,5.76923076923077,91,2,4,81,525,87,0.226200950620832,0.14482563871272,0.624950495049505,0.212210395739464,0.497142857142857,0.077978339032293,0.0616560238697348,0.00987484575141401,0.00741865900439093,0.0121794063727609,0.113493488998653,0.108228753633821,0.139655136225442,0.0621714294038774,0.0238753007085187,0.0511689529081432,0.00310791934409216,0.0164803179173305,0.192380952380952,0.0019047619047619,0.0099009900990099
12,0.0496956773567945,9,TRUE,0.466040967451409,0.811302348971367,"random search",0.264760596765876,0.335433884396331,0.376234231122016,0.461028409319091,0.173333333333333,0.0123456790123457,0.00795743273309226,5.76923076923077,91,2,4,81,525,87,0.226200950620832,0.14482563871272,0.624950495049505,0.212210395739464,0.497142857142857,0.077978339032293,0.0616560238697348,0.00987484575141401,0.00741865900439093,0.0121794063727609,0.113493488998653,0.108228753633821,0.139655136225442,0.0621714294038774,0.0238753007085187,0.0511689529081432,0.00310791934409216,0.0164803179173305,0.192380952380952,0.0019047619047619,0.0099009900990099
13,0.354139927774668,511,FALSE,0.713384205871262,0.490679605398327,"random search",0.733909749228105,0.73437034809092,0.752688131561495,0.784226171035988,0.173333333333333,0.0123456790123457,0.00795743273309226,5.76923076923077,91,2,4,81,525,87,0.226200950620832,0.14482563871272,0.624950495049505,0.212210395739464,0.497142857142857,0.077978339032293,0.0616560238697348,0.00987484575141401,0.00741865900439093,0.0121794063727609,0.113493488998653,0.108228753633821,0.139655136225442,0.0621714294038774,0.0238753007085187,0.0511689529081432,0.00310791934409216,0.0164803179173305,0.192380952380952,0.0019047619047619,0.0099009900990099
14,0.860516584478319,1506,TRUE,0.42168285837397,0.489819530164823,"random search",0.696331245227918,0.70157838350457,0.729186820645333,0.773262658351968,0.173333333333333,0.0123456790123457,0.00795743273309226,5.76923076923077,91,2,4,81,525,87,0.226200950620832,0.14482563871272,0.624950495049505,0.212210395739464,0.497142857142857,0.077978339032293,0.0616560238697348,0.00987484575141401,0.00741865900439093,0.0121794063727609,0.113493488998653,0.108228753633821,0.139655136225442,0.0621714294038774,0.0238753007085187,0.0511689529081432,0.00310791934409216,0.0164803179173305,0.192380952380952,0.0019047619047619,0.0099009900990099
15,0.530412797350436,1903,TRUE,0.982376013835892,0.170166973024607,"random search",0.754465172245181,0.757269641114944,0.785613200522888,0.805400901937322,0.173333333333333,0.0123456790123457,0.00795743273309226,5.76923076923077,91,2,4,81,525,87,0.226200950620832,0.14482563871272,0.624950495049505,0.212210395739464,0.497142857142857,0.077978339032293,0.0616560238697348,0.00987484575141401,0.00741865900439093,0.0121794063727609,0.113493488998653,0.108228753633821,0.139655136225442,0.0621714294038774,0.0238753007085187,0.0511689529081432,0.00310791934409216,0.0164803179173305,0.192380952380952,0.0019047619047619,0.0099009900990099
16,0.694038453511894,1630,TRUE,0.854791284794919,0.764201241312549,"random search",0.614672189530508,0.613679493979162,0.656615994118311,0.690860737117413,0.173333333333333,0.0123456790123457,0.00795743273309226,5.76923076923077,91,2,4,81,525,87,0.226200950620832,0.14482563871272,0.624950495049505,0.212210395739464,0.497142857142857,0.077978339032293,0.0616560238697348,0.00987484575141401,0.00741865900439093,0.0121794063727609,0.113493488998653,0.108228753633821,0.139655136225442,0.0621714294038774,0.0238753007085187,0.0511689529081432,0.00310791934409216,0.0164803179173305,0.192380952380952,0.0019047619047619,0.0099009900990099
17,0.646616517333314,1528,FALSE,0.640280951629393,0.00359807326458395,"random search",0.759013338524546,0.750171138726976,0.799747595625349,0.808750219962948,0.173333333333333,0.0123456790123457,0.00795743273309226,5.76923076923077,91,2,4,81,525,87,0.226200950620832,0.14482563871272,0.624950495049505,0.212210395739464,0.497142857142857,0.077978339032293,0.0616560238697348,0.00987484575141401,0.00741865900439093,0.0121794063727609,0.113493488998653,0.108228753633821,0.139655136225442,0.0621714294038774,0.0238753007085187,0.0511689529081432,0.00310791934409216,0.0164803179173305,0.192380952380952,0.0019047619047619,0.0099009900990099
18,0.337290418567136,1798,TRUE,0.466013744706288,0.400815025903285,"random search",0.700652776498295,0.716854931825121,0.719155281562716,0.777167094943065,0.173333333333333,0.0123456790123457,0.00795743273309226,5.76923076923077,91,2,4,81,525,87,0.226200950620832,0.14482563871272,0.624950495049505,0.212210395739464,0.497142857142857,0.077978339032293,0.0616560238697348,0.00987484575141401,0.00741865900439093,0.0121794063727609,0.113493488998653,0.108228753633821,0.139655136225442,0.0621714294038774,0.0238753007085187,0.0511689529081432,0.00310791934409216,0.0164803179173305,0.192380952380952,0.0019047619047619,0.0099009900990099
19,0.571594689041376,938,FALSE,0.415189697640017,0.189814665587619,"random search",0.736900874426552,0.736422199278465,0.759609444203513,0.795421660436227,0.173333333333333,0.0123456790123457,0.00795743273309226,5.76923076923077,91,2,4,81,525,87,0.226200950620832,0.14482563871272,0.624950495049505,0.212210395739464,0.497142857142857,0.077978339032293,0.0616560238697348,0.00987484575141401,0.00741865900439093,0.0121794063727609,0.113493488998653,0.108228753633821,0.139655136225442,0.0621714294038774,0.0238753007085187,0.0511689529081432,0.00310791934409216,0.0164803179173305,0.192380952380952,0.0019047619047619,0.0099009900990099
20,0.26936291041784,1096,TRUE,0.370355938607827,0.185673337429762,"random search",0.69397716313708,0.719512423423809,0.709867509361876,0.771753007449206,0.173333333333333,0.0123456790123457,0.00795743273309226,5.76923076923077,91,2,4,81,525,87,0.226200950620832,0.14482563871272,0.624950495049505,0.212210395739464,0.497142857142857,0.077978339032293,0.0616560238697348,0.00987484575141401,0.00741865900439093,0.0121794063727609,0.113493488998653,0.108228753633821,0.139655136225442,0.0621714294038774,0.0238753007085187,0.0511689529081432,0.00310791934409216,0.0164803179173305,0.192380952380952,0.0019047619047619,0.0099009900990099
21,0.495599737856537,1069,FALSE,0.444045133981854,0.0491172058973461,"random search",0.734421328200937,0.740179139270452,0.764050217406398,0.796898217918044,0.173333333333333,0.0123456790123457,0.00795743273309226,5.76923076923077,91,2,4,81,525,87,0.226200950620832,0.14482563871272,0.624950495049505,0.212210395739464,0.497142857142857,0.077978339032293,0.0616560238697348,0.00987484575141401,0.00741865900439093,0.0121794063727609,0.113493488998653,0.108228753633821,0.139655136225442,0.0621714294038774,0.0238753007085187,0.0511689529081432,0.00310791934409216,0.0164803179173305,0.192380952380952,0.0019047619047619,0.0099009900990099
22,0.154915679711848,1409,FALSE,0.150031183357351,0.156039222842082,"random search",0.61513066606767,0.670152915879459,0.628257607871431,0.727229435344865,0.173333333333333,0.0123456790123457,0.00795743273309226,5.76923076923077,91,2,4,81,525,87,0.226200950620832,0.14482563871272,0.624950495049505,0.212210395739464,0.497142857142857,0.077978339032293,0.0616560238697348,0.00987484575141401,0.00741865900439093,0.0121794063727609,0.113493488998653,0.108228753633821,0.139655136225442,0.0621714294038774,0.0238753007085187,0.0511689529081432,0.00310791934409216,0.0164803179173305,0.192380952380952,0.0019047619047619,0.0099009900990099
23,0.0415481415111572,1921,FALSE,0.764114034269005,0.199405044084415,"random search",0.708858559202333,0.731835874533509,0.728226422282,0.781583733591445,0.173333333333333,0.0123456790123457,0.00795743273309226,5.76923076923077,91,2,4,81,525,87,0.226200950620832,0.14482563871272,0.624950495049505,0.212210395739464,0.497142857142857,0.077978339032293,0.0616560238697348,0.00987484575141401,0.00741865900439093,0.0121794063727609,0.113493488998653,0.108228753633821,0.139655136225442,0.0621714294038774,0.0238753007085187,0.0511689529081432,0.00310791934409216,0.0164803179173305,0.192380952380952,0.0019047619047619,0.0099009900990099
24,0.349241224350408,1201,TRUE,0.344535998860374,0.975351283326745,"random search",-0.495291249298318,-0.00379196754379141,-0.453307080406015,-0.00544028896849702,0.173333333333333,0.0123456790123457,0.00795743273309226,5.76923076923077,91,2,4,81,525,87,0.226200950620832,0.14482563871272,0.624950495049505,0.212210395739464,0.497142857142857,0.077978339032293,0.0616560238697348,0.00987484575141401,0.00741865900439093,0.0121794063727609,0.113493488998653,0.108228753633821,0.139655136225442,0.0621714294038774,0.0238753007085187,0.0511689529081432,0.00310791934409216,0.0164803179173305,0.192380952380952,0.0019047619047619,0.0099009900990099
25,0.134899803204462,917,TRUE,0.200557283731177,0.469019321026281,"random search",0.563982959667702,0.62888558349162,0.586430334360675,0.693657289416852,0.173333333333333,0.0123456790123457,0.00795743273309226,5.76923076923077,91,2,4,81,525,87,0.226200950620832,0.14482563871272,0.624950495049505,0.212210395739464,0.497142857142857,0.077978339032293,0.0616560238697348,0.00987484575141401,0.00741865900439093,0.0121794063727609,0.113493488998653,0.108228753633821,0.139655136225442,0.0621714294038774,0.0238753007085187,0.0511689529081432,0.00310791934409216,0.0164803179173305,0.192380952380952,0.0019047619047619,0.0099009900990099
26,0.680010061245412,774,FALSE,0.677171751414426,0.316180011723191,"random search",0.766038830760537,0.750076497448788,0.798024342315847,0.808260940061233,0.173333333333333,0.0123456790123457,0.00795743273309226,5.76923076923077,91,2,4,81,525,87,0.226200950620832,0.14482563871272,0.624950495049505,0.212210395739464,0.497142857142857,0.077978339032293,0.0616560238697348,0.00987484575141401,0.00741865900439093,0.0121794063727609,0.113493488998653,0.108228753633821,0.139655136225442,0.0621714294038774,0.0238753007085187,0.0511689529081432,0.00310791934409216,0.0164803179173305,0.192380952380952,0.0019047619047619,0.0099009900990099
27,0.463226442923769,1428,TRUE,0.326904651289806,0.205334206111729,"random search",0.693650098431295,0.713468682199784,0.723843291323107,0.780008866232869,0.173333333333333,0.0123456790123457,0.00795743273309226,5.76923076923077,91,2,4,81,525,87,0.226200950620832,0.14482563871272,0.624950495049505,0.212210395739464,0.497142857142857,0.077978339032293,0.0616560238697348,0.00987484575141401,0.00741865900439093,0.0121794063727609,0.113493488998653,0.108228753633821,0.139655136225442,0.0621714294038774,0.0238753007085187,0.0511689529081432,0.00310791934409216,0.0164803179173305,0.192380952380952,0.0019047619047619,0.0099009900990099
28,0.309849217999727,1511,FALSE,0.327135609812103,0.770550926448777,"random search",0.36851199895373,0.458232572003865,0.405748718536633,0.520326565117896,0.173333333333333,0.0123456790123457,0.00795743273309226,5.76923076923077,91,2,4,81,525,87,0.226200950620832,0.14482563871272,0.624950495049505,0.212210395739464,0.497142857142857,0.077978339032293,0.0616560238697348,0.00987484575141401,0.00741865900439093,0.0121794063727609,0.113493488998653,0.108228753633821,0.139655136225442,0.0621714294038774,0.0238753007085187,0.0511689529081432,0.00310791934409216,0.0164803179173305,0.192380952380952,0.0019047619047619,0.0099009900990099
29,0.754704216262326,974,FALSE,0.650273497425951,0.237280194181949,"random search",0.763771826485246,0.747929643619513,0.800019622191553,0.806971944168059,0.173333333333333,0.0123456790123457,0.00795743273309226,5.76923076923077,91,2,4,81,525,87,0.226200950620832,0.14482563871272,0.624950495049505,0.212210395739464,0.497142857142857,0.077978339032293,0.0616560238697348,0.00987484575141401,0.00741865900439093,0.0121794063727609,0.113493488998653,0.108228753633821,0.139655136225442,0.0621714294038774,0.0238753007085187,0.0511689529081432,0.00310791934409216,0.0164803179173305,0.192380952380952,0.0019047619047619,0.0099009900990099
30,0.695487831253558,247,TRUE,0.365034713153727,0.595974462339655,"random search",0.628621847156834,0.638356989242484,0.673159882164769,0.719557686092209,0.173333333333333,0.0123456790123457,0.00795743273309226,5.76923076923077,91,2,4,81,525,87,0.226200950620832,0.14482563871272,0.624950495049505,0.212210395739464,0.497142857142857,0.077978339032293,0.0616560238697348,0.00987484575141401,0.00741865900439093,0.0121794063727609,0.113493488998653,0.108228753633821,0.139655136225442,0.0621714294038774,0.0238753007085187,0.0511689529081432,0.00310791934409216,0.0164803179173305,0.192380952380952,0.0019047619047619,0.0099009900990099
31,0.283566789003089,1448,TRUE,0.731799356942065,0.904893287224695,"random search",0.35615176391918,0.444923966428205,0.385930587364457,0.49830186587508,0.173333333333333,0.0123456790123457,0.00795743273309226,5.76923076923077,91,2,4,81,525,87,0.226200950620832,0.14482563871272,0.624950495049505,0.212210395739464,0.497142857142857,0.077978339032293,0.0616560238697348,0.00987484575141401,0.00741865900439093,0.0121794063727609,0.113493488998653,0.108228753633821,0.139655136225442,0.0621714294038774,0.0238753007085187,0.0511689529081432,0.00310791934409216,0.0164803179173305,0.192380952380952,0.0019047619047619,0.0099009900990099
32,0.347120847785845,829,TRUE,0.938924746005796,0.621172002283856,"random search",0.686220112409178,0.699291656529413,0.715031286028984,0.766281679007179,0.173333333333333,0.0123456790123457,0.00795743273309226,5.76923076923077,91,2,4,81,525,87,0.226200950620832,0.14482563871272,0.624950495049505,0.212210395739464,0.497142857142857,0.077978339032293,0.0616560238697348,0.00987484575141401,0.00741865900439093,0.0121794063727609,0.113493488998653,0.108228753633821,0.139655136225442,0.0621714294038774,0.0238753007085187,0.0511689529081432,0.00310791934409216,0.0164803179173305,0.192380952380952,0.0019047619047619,0.0099009900990099
33,0.379690059926361,782,TRUE,0.834758877148852,0.182980049634352,"random search",0.744459139713287,0.754897400450196,0.770550877556529,0.800499588250253,0.173333333333333,0.0123456790123457,0.00795743273309226,5.76923076923077,91,2,4,81,525,87,0.226200950620832,0.14482563871272,0.624950495049505,0.212210395739464,0.497142857142857,0.077978339032293,0.0616560238697348,0.00987484575141401,0.00741865900439093,0.0121794063727609,0.113493488998653,0.108228753633821,0.139655136225442,0.0621714294038774,0.0238753007085187,0.0511689529081432,0.00310791934409216,0.0164803179173305,0.192380952380952,0.0019047619047619,0.0099009900990099
34,0.317674447083846,1173,TRUE,0.405411513359286,0.086078860796988,"random search",0.708667442200717,0.727727789774634,0.724632090357185,0.780347281732516,0.173333333333333,0.0123456790123457,0.00795743273309226,5.76923076923077,91,2,4,81,525,87,0.226200950620832,0.14482563871272,0.624950495049505,0.212210395739464,0.497142857142857,0.077978339032293,0.0616560238697348,0.00987484575141401,0.00741865900439093,0.0121794063727609,0.113493488998653,0.108228753633821,0.139655136225442,0.0621714294038774,0.0238753007085187,0.0511689529081432,0.00310791934409216,0.0164803179173305,0.192380952380952,0.0019047619047619,0.0099009900990099
35,0.517110045067966,1201,FALSE,0.268113012029789,0.0355936465784907,"random search",0.705243756871602,0.718507800601726,0.720416585221109,0.77583943527769,0.173333333333333,0.0123456790123457,0.00795743273309226,5.76923076923077,91,2,4,81,525,87,0.226200950620832,0.14482563871272,0.624950495049505,0.212210395739464,0.497142857142857,0.077978339032293,0.0616560238697348,0.00987484575141401,0.00741865900439093,0.0121794063727609,0.113493488998653,0.108228753633821,0.139655136225442,0.0621714294038774,0.0238753007085187,0.0511689529081432,0.00310791934409216,0.0164803179173305,0.192380952380952,0.0019047619047619,0.0099009900990099
36,0.398188089951873,1336,FALSE,0.913298476208001,0.463283208897337,"random search",0.760882156501507,0.752186777464678,0.786314092503308,0.797587913148444,0.173333333333333,0.0123456790123457,0.00795743273309226,5.76923076923077,91,2,4,81,525,87,0.226200950620832,0.14482563871272,0.624950495049505,0.212210395739464,0.497142857142857,0.077978339032293,0.0616560238697348,0.00987484575141401,0.00741865900439093,0.0121794063727609,0.113493488998653,0.108228753633821,0.139655136225442,0.0621714294038774,0.0238753007085187,0.0511689529081432,0.00310791934409216,0.0164803179173305,0.192380952380952,0.0019047619047619,0.0099009900990099
37,0.962587995454669,1969,TRUE,0.644193548383191,0.829772530822083,"random search",0.566135334593834,0.535971223727315,0.602546126767947,0.605453721229265,0.173333333333333,0.0123456790123457,0.00795743273309226,5.76923076923077,91,2,4,81,525,87,0.226200950620832,0.14482563871272,0.624950495049505,0.212210395739464,0.497142857142857,0.077978339032293,0.0616560238697348,0.00987484575141401,0.00741865900439093,0.0121794063727609,0.113493488998653,0.108228753633821,0.139655136225442,0.0621714294038774,0.0238753007085187,0.0511689529081432,0.00310791934409216,0.0164803179173305,0.192380952380952,0.0019047619047619,0.0099009900990099
38,0.346131183439866,1494,TRUE,0.450620230962522,0.564568289089948,"random search",0.646222236878994,0.677329049213166,0.669482276583505,0.743135116936563,0.173333333333333,0.0123456790123457,0.00795743273309226,5.76923076923077,91,2,4,81,525,87,0.226200950620832,0.14482563871272,0.624950495049505,0.212210395739464,0.497142857142857,0.077978339032293,0.0616560238697348,0.00987484575141401,0.00741865900439093,0.0121794063727609,0.113493488998653,0.108228753633821,0.139655136225442,0.0621714294038774,0.0238753007085187,0.0511689529081432,0.00310791934409216,0.0164803179173305,0.192380952380952,0.0019047619047619,0.0099009900990099
39,0.702582299243659,631,TRUE,0.722553988662548,0.910870193038136,"random search",0.429877142286756,0.467084369393338,0.502921149833772,0.571432525787063,0.173333333333333,0.0123456790123457,0.00795743273309226,5.76923076923077,91,2,4,81,525,87,0.226200950620832,0.14482563871272,0.624950495049505,0.212210395739464,0.497142857142857,0.077978339032293,0.0616560238697348,0.00987484575141401,0.00741865900439093,0.0121794063727609,0.113493488998653,0.108228753633821,0.139655136225442,0.0621714294038774,0.0238753007085187,0.0511689529081432,0.00310791934409216,0.0164803179173305,0.192380952380952,0.0019047619047619,0.0099009900990099
40,0.783853188855574,674,TRUE,0.710878973198123,0.80779713508673,"random search",0.562054604540947,0.564764325154408,0.604470585670064,0.640397795217182,0.173333333333333,0.0123456790123457,0.00795743273309226,5.76923076923077,91,2,4,81,525,87,0.226200950620832,0.14482563871272,0.624950495049505,0.212210395739464,0.497142857142857,0.077978339032293,0.0616560238697348,0.00987484575141401,0.00741865900439093,0.0121794063727609,0.113493488998653,0.108228753633821,0.139655136225442,0.0621714294038774,0.0238753007085187,0.0511689529081432,0.00310791934409216,0.0164803179173305,0.192380952380952,0.0019047619047619,0.0099009900990099
41,0.991325789596885,1461,FALSE,0.828145846398547,0.276162261608988,"random search",0.782927733870756,0.745285765066702,0.822656540522227,0.80195026790039,0.173333333333333,0.0123456790123457,0.00795743273309226,5.76923076923077,91,2,4,81,525,87,0.226200950620832,0.14482563871272,0.624950495049505,0.212210395739464,0.497142857142857,0.077978339032293,0.0616560238697348,0.00987484575141401,0.00741865900439093,0.0121794063727609,0.113493488998653,0.108228753633821,0.139655136225442,0.0621714294038774,0.0238753007085187,0.0511689529081432,0.00310791934409216,0.0164803179173305,0.192380952380952,0.0019047619047619,0.0099009900990099
42,0.00731802289374173,71,FALSE,0.763307412713766,0.126240654382855,"random search",0.569356938684814,0.641264498193573,0.569325224828661,0.680388687337508,0.173333333333333,0.0123456790123457,0.00795743273309226,5.76923076923077,91,2,4,81,525,87,0.226200950620832,0.14482563871272,0.624950495049505,0.212210395739464,0.497142857142857,0.077978339032293,0.0616560238697348,0.00987484575141401,0.00741865900439093,0.0121794063727609,0.113493488998653,0.108228753633821,0.139655136225442,0.0621714294038774,0.0238753007085187,0.0511689529081432,0.00310791934409216,0.0164803179173305,0.192380952380952,0.0019047619047619,0.0099009900990099
43,0.651189228286967,293,FALSE,0.458163606654853,0.461161634651944,"random search",0.71505839093028,0.709487545192366,0.742281399857874,0.779515423195616,0.173333333333333,0.0123456790123457,0.00795743273309226,5.76923076923077,91,2,4,81,525,87,0.226200950620832,0.14482563871272,0.624950495049505,0.212210395739464,0.497142857142857,0.077978339032293,0.0616560238697348,0.00987484575141401,0.00741865900439093,0.0121794063727609,0.113493488998653,0.108228753633821,0.139655136225442,0.0621714294038774,0.0238753007085187,0.0511689529081432,0.00310791934409216,0.0164803179173305,0.192380952380952,0.0019047619047619,0.0099009900990099
44,0.591625727945939,1735,TRUE,0.821551914862357,0.427851256448776,"random search",0.743992074884073,0.741727007524487,0.770388534381634,0.799696154150679,0.173333333333333,0.0123456790123457,0.00795743273309226,5.76923076923077,91,2,4,81,525,87,0.226200950620832,0.14482563871272,0.624950495049505,0.212210395739464,0.497142857142857,0.077978339032293,0.0616560238697348,0.00987484575141401,0.00741865900439093,0.0121794063727609,0.113493488998653,0.108228753633821,0.139655136225442,0.0621714294038774,0.0238753007085187,0.0511689529081432,0.00310791934409216,0.0164803179173305,0.192380952380952,0.0019047619047619,0.0099009900990099
45,0.111789091024548,1317,FALSE,0.45009564452339,0.466031669639051,"random search",0.660344764364076,0.69289103164083,0.679424087751657,0.752309841543071,0.173333333333333,0.0123456790123457,0.00795743273309226,5.76923076923077,91,2,4,81,525,87,0.226200950620832,0.14482563871272,0.624950495049505,0.212210395739464,0.497142857142857,0.077978339032293,0.0616560238697348,0.00987484575141401,0.00741865900439093,0.0121794063727609,0.113493488998653,0.108228753633821,0.139655136225442,0.0621714294038774,0.0238753007085187,0.0511689529081432,0.00310791934409216,0.0164803179173305,0.192380952380952,0.0019047619047619,0.0099009900990099
46,0.694676995044574,439,TRUE,0.548926579742692,0.054086561081931,"random search",0.737343766363917,0.7393242098453,0.767102607479655,0.795188792486007,0.173333333333333,0.0123456790123457,0.00795743273309226,5.76923076923077,91,2,4,81,525,87,0.226200950620832,0.14482563871272,0.624950495049505,0.212210395739464,0.497142857142857,0.077978339032293,0.0616560238697348,0.00987484575141401,0.00741865900439093,0.0121794063727609,0.113493488998653,0.108228753633821,0.139655136225442,0.0621714294038774,0.0238753007085187,0.0511689529081432,0.00310791934409216,0.0164803179173305,0.192380952380952,0.0019047619047619,0.0099009900990099
47,0.460315673612058,360,TRUE,0.274205773859285,0.806179077131674,"random search",-0.47838103218967,-0.00279066088445878,-0.473934759451266,-0.00446054206584434,0.173333333333333,0.0123456790123457,0.00795743273309226,5.76923076923077,91,2,4,81,525,87,0.226200950620832,0.14482563871272,0.624950495049505,0.212210395739464,0.497142857142857,0.077978339032293,0.0616560238697348,0.00987484575141401,0.00741865900439093,0.0121794063727609,0.113493488998653,0.108228753633821,0.139655136225442,0.0621714294038774,0.0238753007085187,0.0511689529081432,0.00310791934409216,0.0164803179173305,0.192380952380952,0.0019047619047619,0.0099009900990099
48,0.33615784230642,1025,TRUE,0.932814788911492,0.521603012690321,"random search",0.717487546349957,0.727768768021978,0.739737070783386,0.784890062158223,0.173333333333333,0.0123456790123457,0.00795743273309226,5.76923076923077,91,2,4,81,525,87,0.226200950620832,0.14482563871272,0.624950495049505,0.212210395739464,0.497142857142857,0.077978339032293,0.0616560238697348,0.00987484575141401,0.00741865900439093,0.0121794063727609,0.113493488998653,0.108228753633821,0.139655136225442,0.0621714294038774,0.0238753007085187,0.0511689529081432,0.00310791934409216,0.0164803179173305,0.192380952380952,0.0019047619047619,0.0099009900990099
49,0.333639532793313,1158,TRUE,0.866306583723053,0.297123011900112,"random search",0.745656259049487,0.751632866821593,0.766018805684912,0.798716989983377,0.173333333333333,0.0123456790123457,0.00795743273309226,5.76923076923077,91,2,4,81,525,87,0.226200950620832,0.14482563871272,0.624950495049505,0.212210395739464,0.497142857142857,0.077978339032293,0.0616560238697348,0.00987484575141401,0.00741865900439093,0.0121794063727609,0.113493488998653,0.108228753633821,0.139655136225442,0.0621714294038774,0.0238753007085187,0.0511689529081432,0.00310791934409216,0.0164803179173305,0.192380952380952,0.0019047619047619,0.0099009900990099
50,0.441844320157543,1638,TRUE,0.261514521786012,0.780393389053643,"random search",-0.477744052368439,-0.00258943098098641,0.384877302766498,0.49734038808872,0.173333333333333,0.0123456790123457,0.00795743273309226,5.76923076923077,91,2,4,81,525,87,0.226200950620832,0.14482563871272,0.624950495049505,0.212210395739464,0.497142857142857,0.077978339032293,0.0616560238697348,0.00987484575141401,0.00741865900439093,0.0121794063727609,0.113493488998653,0.108228753633821,0.139655136225442,0.0621714294038774,0.0238753007085187,0.0511689529081432,0.00310791934409216,0.0164803179173305,0.192380952380952,0.0019047619047619,0.0099009900990099
51,0.43143468350172,785,FALSE,0.314859334658831,0.9780851630494,"random search",-0.516144725418807,-0.00574871192574911,-0.474855212936904,-0.00515487303116591,0.173333333333333,0.0123456790123457,0.00795743273309226,5.76923076923077,91,2,4,81,525,87,0.226200950620832,0.14482563871272,0.624950495049505,0.212210395739464,0.497142857142857,0.077978339032293,0.0616560238697348,0.00987484575141401,0.00741865900439093,0.0121794063727609,0.113493488998653,0.108228753633821,0.139655136225442,0.0621714294038774,0.0238753007085187,0.0511689529081432,0.00310791934409216,0.0164803179173305,0.192380952380952,0.0019047619047619,0.0099009900990099
52,0.260096503188834,574,FALSE,0.873509515635669,0.912566400831565,"random search",0.36414039387435,0.436390974742314,0.396547174786316,0.49688147824819,0.173333333333333,0.0123456790123457,0.00795743273309226,5.76923076923077,91,2,4,81,525,87,0.226200950620832,0.14482563871272,0.624950495049505,0.212210395739464,0.497142857142857,0.077978339032293,0.0616560238697348,0.00987484575141401,0.00741865900439093,0.0121794063727609,0.113493488998653,0.108228753633821,0.139655136225442,0.0621714294038774,0.0238753007085187,0.0511689529081432,0.00310791934409216,0.0164803179173305,0.192380952380952,0.0019047619047619,0.0099009900990099
53,0.695331579074264,1244,TRUE,0.826314728916623,0.28236820967868,"random search",0.753388582820449,0.748598870634854,0.785060767658002,0.807727454494194,0.173333333333333,0.0123456790123457,0.00795743273309226,5.76923076923077,91,2,4,81,525,87,0.226200950620832,0.14482563871272,0.624950495049505,0.212210395739464,0.497142857142857,0.077978339032293,0.0616560238697348,0.00987484575141401,0.00741865900439093,0.0121794063727609,0.113493488998653,0.108228753633821,0.139655136225442,0.0621714294038774,0.0238753007085187,0.0511689529081432,0.00310791934409216,0.0164803179173305,0.192380952380952,0.0019047619047619,0.0099009900990099
54,0.943221738794819,1280,TRUE,0.319036353845149,0.370179672492668,"random search",0.704457274896623,0.708832296487307,0.732169302999341,0.7769049463333,0.173333333333333,0.0123456790123457,0.00795743273309226,5.76923076923077,91,2,4,81,525,87,0.226200950620832,0.14482563871272,0.624950495049505,0.212210395739464,0.497142857142857,0.077978339032293,0.0616560238697348,0.00987484575141401,0.00741865900439093,0.0121794063727609,0.113493488998653,0.108228753633821,0.139655136225442,0.0621714294038774,0.0238753007085187,0.0511689529081432,0.00310791934409216,0.0164803179173305,0.192380952380952,0.0019047619047619,0.0099009900990099
55,0.326111490139738,498,FALSE,0.600338904606178,0.329155042301863,"random search",0.737236298565637,0.741435298669793,0.76581653326084,0.797868279272034,0.173333333333333,0.0123456790123457,0.00795743273309226,5.76923076923077,91,2,4,81,525,87,0.226200950620832,0.14482563871272,0.624950495049505,0.212210395739464,0.497142857142857,0.077978339032293,0.0616560238697348,0.00987484575141401,0.00741865900439093,0.0121794063727609,0.113493488998653,0.108228753633821,0.139655136225442,0.0621714294038774,0.0238753007085187,0.0511689529081432,0.00310791934409216,0.0164803179173305,0.192380952380952,0.0019047619047619,0.0099009900990099
56,0.0418896318878978,243,FALSE,0.911914081894793,0.882788191083819,"random search",0.287891379558937,0.368843460000378,0.340280754555472,0.441922560899546,0.173333333333333,0.0123456790123457,0.00795743273309226,5.76923076923077,91,2,4,81,525,87,0.226200950620832,0.14482563871272,0.624950495049505,0.212210395739464,0.497142857142857,0.077978339032293,0.0616560238697348,0.00987484575141401,0.00741865900439093,0.0121794063727609,0.113493488998653,0.108228753633821,0.139655136225442,0.0621714294038774,0.0238753007085187,0.0511689529081432,0.00310791934409216,0.0164803179173305,0.192380952380952,0.0019047619047619,0.0099009900990099
57,0.220735240494832,1897,FALSE,0.717964558466338,0.864588258555159,"random search",0.367630279233405,0.440763583901079,0.406353637009743,0.511324385832304,0.173333333333333,0.0123456790123457,0.00795743273309226,5.76923076923077,91,2,4,81,525,87,0.226200950620832,0.14482563871272,0.624950495049505,0.212210395739464,0.497142857142857,0.077978339032293,0.0616560238697348,0.00987484575141401,0.00741865900439093,0.0121794063727609,0.113493488998653,0.108228753633821,0.139655136225442,0.0621714294038774,0.0238753007085187,0.0511689529081432,0.00310791934409216,0.0164803179173305,0.192380952380952,0.0019047619047619,0.0099009900990099
58,0.0338898950722069,645,FALSE,0.671849828585982,0.465872751548886,"random search",0.648226044638192,0.694939384219307,0.657306623214208,0.741083615571867,0.173333333333333,0.0123456790123457,0.00795743273309226,5.76923076923077,91,2,4,81,525,87,0.226200950620832,0.14482563871272,0.624950495049505,0.212210395739464,0.497142857142857,0.077978339032293,0.0616560238697348,0.00987484575141401,0.00741865900439093,0.0121794063727609,0.113493488998653,0.108228753633821,0.139655136225442,0.0621714294038774,0.0238753007085187,0.0511689529081432,0.00310791934409216,0.0164803179173305,0.192380952380952,0.0019047619047619,0.0099009900990099
59,0.563387792091817,672,FALSE,0.538894209638238,0.26849424908869,"random search",0.753473592601357,0.751168018719587,0.781581786055989,0.803474388633383,0.173333333333333,0.0123456790123457,0.00795743273309226,5.76923076923077,91,2,4,81,525,87,0.226200950620832,0.14482563871272,0.624950495049505,0.212210395739464,0.497142857142857,0.077978339032293,0.0616560238697348,0.00987484575141401,0.00741865900439093,0.0121794063727609,0.113493488998653,0.108228753633821,0.139655136225442,0.0621714294038774,0.0238753007085187,0.0511689529081432,0.00310791934409216,0.0164803179173305,0.192380952380952,0.0019047619047619,0.0099009900990099
60,0.67784497467801,781,TRUE,0.21353399513755,0.84495403827168,"random search",-0.513055596399259,-0.00574076439169469,-0.391504845851661,-0.00462824070715295,0.173333333333333,0.0123456790123457,0.00795743273309226,5.76923076923077,91,2,4,81,525,87,0.226200950620832,0.14482563871272,0.624950495049505,0.212210395739464,0.497142857142857,0.077978339032293,0.0616560238697348,0.00987484575141401,0.00741865900439093,0.0121794063727609,0.113493488998653,0.108228753633821,0.139655136225442,0.0621714294038774,0.0238753007085187,0.0511689529081432,0.00310791934409216,0.0164803179173305,0.192380952380952,0.0019047619047619,0.0099009900990099
61,0.604394572786987,258,FALSE,0.478562985756435,0.854872880736366,"random search",0.410451152592798,0.457233580854717,0.437496410476612,0.529776066278544,0.173333333333333,0.0123456790123457,0.00795743273309226,5.76923076923077,91,2,4,81,525,87,0.226200950620832,0.14482563871272,0.624950495049505,0.212210395739464,0.497142857142857,0.077978339032293,0.0616560238697348,0.00987484575141401,0.00741865900439093,0.0121794063727609,0.113493488998653,0.108228753633821,0.139655136225442,0.0621714294038774,0.0238753007085187,0.0511689529081432,0.00310791934409216,0.0164803179173305,0.192380952380952,0.0019047619047619,0.0099009900990099
62,0.067147069144994,2,FALSE,0.961623156256974,0.579081960488111,"random search",0.656563283184692,0.559942537008555,0.67410264621942,0.564211231575775,0.173333333333333,0.0123456790123457,0.00795743273309226,5.76923076923077,91,2,4,81,525,87,0.226200950620832,0.14482563871272,0.624950495049505,0.212210395739464,0.497142857142857,0.077978339032293,0.0616560238697348,0.00987484575141401,0.00741865900439093,0.0121794063727609,0.113493488998653,0.108228753633821,0.139655136225442,0.0621714294038774,0.0238753007085187,0.0511689529081432,0.00310791934409216,0.0164803179173305,0.192380952380952,0.0019047619047619,0.0099009900990099
63,0.552650796249509,859,FALSE,0.320372736197896,0.206066683400422,"random search",0.714298613132813,0.723119999479205,0.740563797574858,0.789213733422274,0.173333333333333,0.0123456790123457,0.00795743273309226,5.76923076923077,91,2,4,81,525,87,0.226200950620832,0.14482563871272,0.624950495049505,0.212210395739464,0.497142857142857,0.077978339032293,0.0616560238697348,0.00987484575141401,0.00741865900439093,0.0121794063727609,0.113493488998653,0.108228753633821,0.139655136225442,0.0621714294038774,0.0238753007085187,0.0511689529081432,0.00310791934409216,0.0164803179173305,0.192380952380952,0.0019047619047619,0.0099009900990099
64,0.343233326915652,1020,FALSE,0.136907912697643,0.703823088202626,"random search",-0.503697724414432,-0.00513681248658915,-0.418758962079585,-0.00503082221411599,0.173333333333333,0.0123456790123457,0.00795743273309226,5.76923076923077,91,2,4,81,525,87,0.226200950620832,0.14482563871272,0.624950495049505,0.212210395739464,0.497142857142857,0.077978339032293,0.0616560238697348,0.00987484575141401,0.00741865900439093,0.0121794063727609,0.113493488998653,0.108228753633821,0.139655136225442,0.0621714294038774,0.0238753007085187,0.0511689529081432,0.00310791934409216,0.0164803179173305,0.192380952380952,0.0019047619047619,0.0099009900990099
65,0.2385909256991,1102,FALSE,0.500300166895613,0.272995515959337,"random search",0.72840666528948,0.741182841391182,0.75034557091374,0.792510508881877,0.173333333333333,0.0123456790123457,0.00795743273309226,5.76923076923077,91,2,4,81,525,87,0.226200950620832,0.14482563871272,0.624950495049505,0.212210395739464,0.497142857142857,0.077978339032293,0.0616560238697348,0.00987484575141401,0.00741865900439093,0.0121794063727609,0.113493488998653,0.108228753633821,0.139655136225442,0.0621714294038774,0.0238753007085187,0.0511689529081432,0.00310791934409216,0.0164803179173305,0.192380952380952,0.0019047619047619,0.0099009900990099
66,0.351317956810817,206,FALSE,0.553053600457497,0.943906106287614,"random search",-0.498561919175597,-0.00404763915522577,-0.388745761125114,-0.00523678592524757,0.173333333333333,0.0123456790123457,0.00795743273309226,5.76923076923077,91,2,4,81,525,87,0.226200950620832,0.14482563871272,0.624950495049505,0.212210395739464,0.497142857142857,0.077978339032293,0.0616560238697348,0.00987484575141401,0.00741865900439093,0.0121794063727609,0.113493488998653,0.108228753633821,0.139655136225442,0.0621714294038774,0.0238753007085187,0.0511689529081432,0.00310791934409216,0.0164803179173305,0.192380952380952,0.0019047619047619,0.0099009900990099
67,0.402767528546974,872,FALSE,0.255102023878135,0.145334483822808,"random search",0.695495477659554,0.71805127070885,0.705606335714185,0.773349973071467,0.173333333333333,0.0123456790123457,0.00795743273309226,5.76923076923077,91,2,4,81,525,87,0.226200950620832,0.14482563871272,0.624950495049505,0.212210395739464,0.497142857142857,0.077978339032293,0.0616560238697348,0.00987484575141401,0.00741865900439093,0.0121794063727609,0.113493488998653,0.108228753633821,0.139655136225442,0.0621714294038774,0.0238753007085187,0.0511689529081432,0.00310791934409216,0.0164803179173305,0.192380952380952,0.0019047619047619,0.0099009900990099
68,0.239839003421366,574,FALSE,0.237072093761526,0.0496575792785734,"random search",0.674151110718267,0.701452600722271,0.684916689004437,0.758624715306032,0.173333333333333,0.0123456790123457,0.00795743273309226,5.76923076923077,91,2,4,81,525,87,0.226200950620832,0.14482563871272,0.624950495049505,0.212210395739464,0.497142857142857,0.077978339032293,0.0616560238697348,0.00987484575141401,0.00741865900439093,0.0121794063727609,0.113493488998653,0.108228753633821,0.139655136225442,0.0621714294038774,0.0238753007085187,0.0511689529081432,0.00310791934409216,0.0164803179173305,0.192380952380952,0.0019047619047619,0.0099009900990099
69,0.0624386454001069,1232,FALSE,0.257471204223111,0.413147848332301,"random search",0.590699092553131,0.655100055535626,0.60364717808658,0.706625643302605,0.173333333333333,0.0123456790123457,0.00795743273309226,5.76923076923077,91,2,4,81,525,87,0.226200950620832,0.14482563871272,0.624950495049505,0.212210395739464,0.497142857142857,0.077978339032293,0.0616560238697348,0.00987484575141401,0.00741865900439093,0.0121794063727609,0.113493488998653,0.108228753633821,0.139655136225442,0.0621714294038774,0.0238753007085187,0.0511689529081432,0.00310791934409216,0.0164803179173305,0.192380952380952,0.0019047619047619,0.0099009900990099
70,0.0797810168005526,1125,FALSE,0.339878409961239,0.715514625189826,"random search",0.356078190056264,0.436025217690558,0.394913192228214,0.508207492588649,0.173333333333333,0.0123456790123457,0.00795743273309226,5.76923076923077,91,2,4,81,525,87,0.226200950620832,0.14482563871272,0.624950495049505,0.212210395739464,0.497142857142857,0.077978339032293,0.0616560238697348,0.00987484575141401,0.00741865900439093,0.0121794063727609,0.113493488998653,0.108228753633821,0.139655136225442,0.0621714294038774,0.0238753007085187,0.0511689529081432,0.00310791934409216,0.0164803179173305,0.192380952380952,0.0019047619047619,0.0099009900990099
71,0.0211482234299183,1654,TRUE,0.957025296171196,0.264516090974212,"random search",0.640934191063059,0.69337202066411,0.654226082729946,0.742080207327573,0.173333333333333,0.0123456790123457,0.00795743273309226,5.76923076923077,91,2,4,81,525,87,0.226200950620832,0.14482563871272,0.624950495049505,0.212210395739464,0.497142857142857,0.077978339032293,0.0616560238697348,0.00987484575141401,0.00741865900439093,0.0121794063727609,0.113493488998653,0.108228753633821,0.139655136225442,0.0621714294038774,0.0238753007085187,0.0511689529081432,0.00310791934409216,0.0164803179173305,0.192380952380952,0.0019047619047619,0.0099009900990099
72,0.90882926271297,807,FALSE,0.185493384138681,0.989347949624062,"random search",-0.546903417582248,-0.00933730816749412,-0.360556791064647,-0.00477795773413714,0.173333333333333,0.0123456790123457,0.00795743273309226,5.76923076923077,91,2,4,81,525,87,0.226200950620832,0.14482563871272,0.624950495049505,0.212210395739464,0.497142857142857,0.077978339032293,0.0616560238697348,0.00987484575141401,0.00741865900439093,0.0121794063727609,0.113493488998653,0.108228753633821,0.139655136225442,0.0621714294038774,0.0238753007085187,0.0511689529081432,0.00310791934409216,0.0164803179173305,0.192380952380952,0.0019047619047619,0.0099009900990099
73,0.0184062044136226,330,TRUE,0.661726539558731,0.764034986728802,"random search",0.346474914008747,0.436484444975059,0.372421283647667,0.486241671751529,0.173333333333333,0.0123456790123457,0.00795743273309226,5.76923076923077,91,2,4,81,525,87,0.226200950620832,0.14482563871272,0.624950495049505,0.212210395739464,0.497142857142857,0.077978339032293,0.0616560238697348,0.00987484575141401,0.00741865900439093,0.0121794063727609,0.113493488998653,0.108228753633821,0.139655136225442,0.0621714294038774,0.0238753007085187,0.0511689529081432,0.00310791934409216,0.0164803179173305,0.192380952380952,0.0019047619047619,0.0099009900990099
74,0.835804399801418,809,TRUE,0.860125299775973,0.714409230509773,"random search",0.656025352297385,0.635983807454982,0.702654794557621,0.723256328815499,0.173333333333333,0.0123456790123457,0.00795743273309226,5.76923076923077,91,2,4,81,525,87,0.226200950620832,0.14482563871272,0.624950495049505,0.212210395739464,0.497142857142857,0.077978339032293,0.0616560238697348,0.00987484575141401,0.00741865900439093,0.0121794063727609,0.113493488998653,0.108228753633821,0.139655136225442,0.0621714294038774,0.0238753007085187,0.0511689529081432,0.00310791934409216,0.0164803179173305,0.192380952380952,0.0019047619047619,0.0099009900990099
75,0.0143601782619953,9,FALSE,0.500487352604978,0.634731243364513,"random search",0.439189015000237,0.486834791966197,0.40138251407499,0.485028839806421,0.173333333333333,0.0123456790123457,0.00795743273309226,5.76923076923077,91,2,4,81,525,87,0.226200950620832,0.14482563871272,0.624950495049505,0.212210395739464,0.497142857142857,0.077978339032293,0.0616560238697348,0.00987484575141401,0.00741865900439093,0.0121794063727609,0.113493488998653,0.108228753633821,0.139655136225442,0.0621714294038774,0.0238753007085187,0.0511689529081432,0.00310791934409216,0.0164803179173305,0.192380952380952,0.0019047619047619,0.0099009900990099
76,0.875506933545694,1602,FALSE,0.48954287909437,0.899499922059476,"random search",-0.515119199052247,-0.00557839970711238,-0.381068135397465,-0.00505503768492632,0.173333333333333,0.0123456790123457,0.00795743273309226,5.76923076923077,91,2,4,81,525,87,0.226200950620832,0.14482563871272,0.624950495049505,0.212210395739464,0.497142857142857,0.077978339032293,0.0616560238697348,0.00987484575141401,0.00741865900439093,0.0121794063727609,0.113493488998653,0.108228753633821,0.139655136225442,0.0621714294038774,0.0238753007085187,0.0511689529081432,0.00310791934409216,0.0164803179173305,0.192380952380952,0.0019047619047619,0.0099009900990099
77,0.349686070345342,956,FALSE,0.582667294563726,0.908690798329189,"random search",-0.491571340615648,-0.00341076289350295,0.365506353745288,0.47533677115793,0.173333333333333,0.0123456790123457,0.00795743273309226,5.76923076923077,91,2,4,81,525,87,0.226200950620832,0.14482563871272,0.624950495049505,0.212210395739464,0.497142857142857,0.077978339032293,0.0616560238697348,0.00987484575141401,0.00741865900439093,0.0121794063727609,0.113493488998653,0.108228753633821,0.139655136225442,0.0621714294038774,0.0238753007085187,0.0511689529081432,0.00310791934409216,0.0164803179173305,0.192380952380952,0.0019047619047619,0.0099009900990099
78,0.597217524889857,825,TRUE,0.974075463949703,0.72265428933315,"random search",0.653225582670486,0.656411156070842,0.686822920178041,0.733922504888406,0.173333333333333,0.0123456790123457,0.00795743273309226,5.76923076923077,91,2,4,81,525,87,0.226200950620832,0.14482563871272,0.624950495049505,0.212210395739464,0.497142857142857,0.077978339032293,0.0616560238697348,0.00987484575141401,0.00741865900439093,0.0121794063727609,0.113493488998653,0.108228753633821,0.139655136225442,0.0621714294038774,0.0238753007085187,0.0511689529081432,0.00310791934409216,0.0164803179173305,0.192380952380952,0.0019047619047619,0.0099009900990099
79,0.367687001358718,1594,TRUE,0.519703576201573,0.388619791483507,"random search",0.711365951050314,0.723800016193262,0.730839448397057,0.782781956025171,0.173333333333333,0.0123456790123457,0.00795743273309226,5.76923076923077,91,2,4,81,525,87,0.226200950620832,0.14482563871272,0.624950495049505,0.212210395739464,0.497142857142857,0.077978339032293,0.0616560238697348,0.00987484575141401,0.00741865900439093,0.0121794063727609,0.113493488998653,0.108228753633821,0.139655136225442,0.0621714294038774,0.0238753007085187,0.0511689529081432,0.00310791934409216,0.0164803179173305,0.192380952380952,0.0019047619047619,0.0099009900990099
80,0.117144324816763,1415,TRUE,0.743558351742104,0.0883944011293352,"random search",0.71552675847476,0.736909919506314,0.736374165300508,0.789357414111335,0.173333333333333,0.0123456790123457,0.00795743273309226,5.76923076923077,91,2,4,81,525,87,0.226200950620832,0.14482563871272,0.624950495049505,0.212210395739464,0.497142857142857,0.077978339032293,0.0616560238697348,0.00987484575141401,0.00741865900439093,0.0121794063727609,0.113493488998653,0.108228753633821,0.139655136225442,0.0621714294038774,0.0238753007085187,0.0511689529081432,0.00310791934409216,0.0164803179173305,0.192380952380952,0.0019047619047619,0.0099009900990099
81,0.0772773055359721,1542,FALSE,0.78920064906124,0.781828613718972,"random search",0.463458051371724,0.53594840001941,0.486226215277811,0.596083400403054,0.173333333333333,0.0123456790123457,0.00795743273309226,5.76923076923077,91,2,4,81,525,87,0.226200950620832,0.14482563871272,0.624950495049505,0.212210395739464,0.497142857142857,0.077978339032293,0.0616560238697348,0.00987484575141401,0.00741865900439093,0.0121794063727609,0.113493488998653,0.108228753633821,0.139655136225442,0.0621714294038774,0.0238753007085187,0.0511689529081432,0.00310791934409216,0.0164803179173305,0.192380952380952,0.0019047619047619,0.0099009900990099
82,0.727848096517846,1135,TRUE,0.299808806297369,0.416044456884265,"random search",0.687195176950351,0.699522842449138,0.709587375336201,0.766182405124226,0.173333333333333,0.0123456790123457,0.00795743273309226,5.76923076923077,91,2,4,81,525,87,0.226200950620832,0.14482563871272,0.624950495049505,0.212210395739464,0.497142857142857,0.077978339032293,0.0616560238697348,0.00987484575141401,0.00741865900439093,0.0121794063727609,0.113493488998653,0.108228753633821,0.139655136225442,0.0621714294038774,0.0238753007085187,0.0511689529081432,0.00310791934409216,0.0164803179173305,0.192380952380952,0.0019047619047619,0.0099009900990099
83,0.0660550582688302,803,FALSE,0.482221801322885,0.837724385783076,"random search",0.255561842122467,0.339748764218262,0.283970151246372,0.386933118483193,0.173333333333333,0.0123456790123457,0.00795743273309226,5.76923076923077,91,2,4,81,525,87,0.226200950620832,0.14482563871272,0.624950495049505,0.212210395739464,0.497142857142857,0.077978339032293,0.0616560238697348,0.00987484575141401,0.00741865900439093,0.0121794063727609,0.113493488998653,0.108228753633821,0.139655136225442,0.0621714294038774,0.0238753007085187,0.0511689529081432,0.00310791934409216,0.0164803179173305,0.192380952380952,0.0019047619047619,0.0099009900990099
84,0.177775921765715,884,TRUE,0.491760542080738,0.679129687137902,"random search",0.53642819212509,0.598857848207582,0.563797951039485,0.667981566368554,0.173333333333333,0.0123456790123457,0.00795743273309226,5.76923076923077,91,2,4,81,525,87,0.226200950620832,0.14482563871272,0.624950495049505,0.212210395739464,0.497142857142857,0.077978339032293,0.0616560238697348,0.00987484575141401,0.00741865900439093,0.0121794063727609,0.113493488998653,0.108228753633821,0.139655136225442,0.0621714294038774,0.0238753007085187,0.0511689529081432,0.00310791934409216,0.0164803179173305,0.192380952380952,0.0019047619047619,0.0099009900990099
85,0.250536403618753,1578,FALSE,0.447897434676997,0.318430367158726,"random search",0.716316679564575,0.734126218903361,0.73498361579753,0.7853168754729,0.173333333333333,0.0123456790123457,0.00795743273309226,5.76923076923077,91,2,4,81,525,87,0.226200950620832,0.14482563871272,0.624950495049505,0.212210395739464,0.497142857142857,0.077978339032293,0.0616560238697348,0.00987484575141401,0.00741865900439093,0.0121794063727609,0.113493488998653,0.108228753633821,0.139655136225442,0.0621714294038774,0.0238753007085187,0.0511689529081432,0.00310791934409216,0.0164803179173305,0.192380952380952,0.0019047619047619,0.0099009900990099
86,0.95112120360136,148,FALSE,0.234102122904733,0.482760843588039,"random search",0.660004183866208,0.661317714712299,0.701833703254628,0.750887492406342,0.173333333333333,0.0123456790123457,0.00795743273309226,5.76923076923077,91,2,4,81,525,87,0.226200950620832,0.14482563871272,0.624950495049505,0.212210395739464,0.497142857142857,0.077978339032293,0.0616560238697348,0.00987484575141401,0.00741865900439093,0.0121794063727609,0.113493488998653,0.108228753633821,0.139655136225442,0.0621714294038774,0.0238753007085187,0.0511689529081432,0.00310791934409216,0.0164803179173305,0.192380952380952,0.0019047619047619,0.0099009900990099
87,0.995551004773006,1611,FALSE,0.373558732122183,0.998887725407258,"random search",-0.476260567718532,-0.00201400563803089,-0.325582414861567,-0.00561506195609196,0.173333333333333,0.0123456790123457,0.00795743273309226,5.76923076923077,91,2,4,81,525,87,0.226200950620832,0.14482563871272,0.624950495049505,0.212210395739464,0.497142857142857,0.077978339032293,0.0616560238697348,0.00987484575141401,0.00741865900439093,0.0121794063727609,0.113493488998653,0.108228753633821,0.139655136225442,0.0621714294038774,0.0238753007085187,0.0511689529081432,0.00310791934409216,0.0164803179173305,0.192380952380952,0.0019047619047619,0.0099009900990099
88,0.591576910344884,315,TRUE,0.57098034536466,0.201884468784556,"random search",0.740985206976568,0.746126498144562,0.761166880057085,0.790240303046803,0.173333333333333,0.0123456790123457,0.00795743273309226,5.76923076923077,91,2,4,81,525,87,0.226200950620832,0.14482563871272,0.624950495049505,0.212210395739464,0.497142857142857,0.077978339032293,0.0616560238697348,0.00987484575141401,0.00741865900439093,0.0121794063727609,0.113493488998653,0.108228753633821,0.139655136225442,0.0621714294038774,0.0238753007085187,0.0511689529081432,0.00310791934409216,0.0164803179173305,0.192380952380952,0.0019047619047619,0.0099009900990099
89,0.803443523822352,712,FALSE,0.315581284742802,0.797149683348835,"random search",0.442951273540155,0.462799468481605,0.462875928930098,0.482349701292441,0.173333333333333,0.0123456790123457,0.00795743273309226,5.76923076923077,91,2,4,81,525,87,0.226200950620832,0.14482563871272,0.624950495049505,0.212210395739464,0.497142857142857,0.077978339032293,0.0616560238697348,0.00987484575141401,0.00741865900439093,0.0121794063727609,0.113493488998653,0.108228753633821,0.139655136225442,0.0621714294038774,0.0238753007085187,0.0511689529081432,0.00310791934409216,0.0164803179173305,0.192380952380952,0.0019047619047619,0.0099009900990099
90,0.526799648767337,706,TRUE,0.964948957972229,0.400315476115793,"random search",0.749816546510406,0.756054081800998,0.776363612586249,0.803016502138911,0.173333333333333,0.0123456790123457,0.00795743273309226,5.76923076923077,91,2,4,81,525,87,0.226200950620832,0.14482563871272,0.624950495049505,0.212210395739464,0.497142857142857,0.077978339032293,0.0616560238697348,0.00987484575141401,0.00741865900439093,0.0121794063727609,0.113493488998653,0.108228753633821,0.139655136225442,0.0621714294038774,0.0238753007085187,0.0511689529081432,0.00310791934409216,0.0164803179173305,0.192380952380952,0.0019047619047619,0.0099009900990099
91,0.816042015096173,647,FALSE,0.226143761281855,0.304037380032241,"random search",0.695881167163747,0.70671023107697,0.723264065889631,0.774167399652646,0.173333333333333,0.0123456790123457,0.00795743273309226,5.76923076923077,91,2,4,81,525,87,0.226200950620832,0.14482563871272,0.624950495049505,0.212210395739464,0.497142857142857,0.077978339032293,0.0616560238697348,0.00987484575141401,0.00741865900439093,0.0121794063727609,0.113493488998653,0.108228753633821,0.139655136225442,0.0621714294038774,0.0238753007085187,0.0511689529081432,0.00310791934409216,0.0164803179173305,0.192380952380952,0.0019047619047619,0.0099009900990099
92,0.450999276712537,1155,FALSE,0.839937830693088,0.323619577568024,"random search",0.77149637527967,0.754134541050984,0.800425378818262,0.807196489149407,0.173333333333333,0.0123456790123457,0.00795743273309226,5.76923076923077,91,2,4,81,525,87,0.226200950620832,0.14482563871272,0.624950495049505,0.212210395739464,0.497142857142857,0.077978339032293,0.0616560238697348,0.00987484575141401,0.00741865900439093,0.0121794063727609,0.113493488998653,0.108228753633821,0.139655136225442,0.0621714294038774,0.0238753007085187,0.0511689529081432,0.00310791934409216,0.0164803179173305,0.192380952380952,0.0019047619047619,0.0099009900990099
93,0.374036787543446,303,FALSE,0.954413954471238,0.851523727411404,"random search",0.484905508330797,0.516529832189049,0.539066169568334,0.611422082264367,0.173333333333333,0.0123456790123457,0.00795743273309226,5.76923076923077,91,2,4,81,525,87,0.226200950620832,0.14482563871272,0.624950495049505,0.212210395739464,0.497142857142857,0.077978339032293,0.0616560238697348,0.00987484575141401,0.00741865900439093,0.0121794063727609,0.113493488998653,0.108228753633821,0.139655136225442,0.0621714294038774,0.0238753007085187,0.0511689529081432,0.00310791934409216,0.0164803179173305,0.192380952380952,0.0019047619047619,0.0099009900990099
94,0.151935347123072,327,FALSE,0.284219295158982,0.958943850593641,"random search",-0.507697246216616,-0.00530255820558878,-0.393337434517262,-0.00548877529095582,0.173333333333333,0.0123456790123457,0.00795743273309226,5.76923076923077,91,2,4,81,525,87,0.226200950620832,0.14482563871272,0.624950495049505,0.212210395739464,0.497142857142857,0.077978339032293,0.0616560238697348,0.00987484575141401,0.00741865900439093,0.0121794063727609,0.113493488998653,0.108228753633821,0.139655136225442,0.0621714294038774,0.0238753007085187,0.0511689529081432,0.00310791934409216,0.0164803179173305,0.192380952380952,0.0019047619047619,0.0099009900990099
95,0.839247091906145,927,TRUE,0.952711697644554,0.00436728564091027,"random search",0.763664268297026,0.757594923544304,0.799027290532457,0.809369029527388,0.173333333333333,0.0123456790123457,0.00795743273309226,5.76923076923077,91,2,4,81,525,87,0.226200950620832,0.14482563871272,0.624950495049505,0.212210395739464,0.497142857142857,0.077978339032293,0.0616560238697348,0.00987484575141401,0.00741865900439093,0.0121794063727609,0.113493488998653,0.108228753633821,0.139655136225442,0.0621714294038774,0.0238753007085187,0.0511689529081432,0.00310791934409216,0.0164803179173305,0.192380952380952,0.0019047619047619,0.0099009900990099
96,0.330791677115485,760,TRUE,0.896358967362903,0.300871380139142,"random search",0.738674068066574,0.746325303395252,0.77001063955717,0.800857007910338,0.173333333333333,0.0123456790123457,0.00795743273309226,5.76923076923077,91,2,4,81,525,87,0.226200950620832,0.14482563871272,0.624950495049505,0.212210395739464,0.497142857142857,0.077978339032293,0.0616560238697348,0.00987484575141401,0.00741865900439093,0.0121794063727609,0.113493488998653,0.108228753633821,0.139655136225442,0.0621714294038774,0.0238753007085187,0.0511689529081432,0.00310791934409216,0.0164803179173305,0.192380952380952,0.0019047619047619,0.0099009900990099
97,0.489734899485484,1021,FALSE,0.159422606718726,0.626419737003744,"random search",0.440365695953075,0.516716368352656,0.469946719811448,0.590058004388931,0.173333333333333,0.0123456790123457,0.00795743273309226,5.76923076923077,91,2,4,81,525,87,0.226200950620832,0.14482563871272,0.624950495049505,0.212210395739464,0.497142857142857,0.077978339032293,0.0616560238697348,0.00987484575141401,0.00741865900439093,0.0121794063727609,0.113493488998653,0.108228753633821,0.139655136225442,0.0621714294038774,0.0238753007085187,0.0511689529081432,0.00310791934409216,0.0164803179173305,0.192380952380952,0.0019047619047619,0.0099009900990099
98,0.0460036108270288,277,FALSE,0.426747379871085,0.916285369312391,"random search",-0.516979873581459,-0.00586893301597113,-0.43482961049084,-0.00423986213665528,0.173333333333333,0.0123456790123457,0.00795743273309226,5.76923076923077,91,2,4,81,525,87,0.226200950620832,0.14482563871272,0.624950495049505,0.212210395739464,0.497142857142857,0.077978339032293,0.0616560238697348,0.00987484575141401,0.00741865900439093,0.0121794063727609,0.113493488998653,0.108228753633821,0.139655136225442,0.0621714294038774,0.0238753007085187,0.0511689529081432,0.00310791934409216,0.0164803179173305,0.192380952380952,0.0019047619047619,0.0099009900990099
99,0.976305928546935,1953,TRUE,0.758218201482668,0.441508231917396,"random search",0.748447277738956,0.73774178466356,0.778830385121888,0.798044681622514,0.173333333333333,0.0123456790123457,0.00795743273309226,5.76923076923077,91,2,4,81,525,87,0.226200950620832,0.14482563871272,0.624950495049505,0.212210395739464,0.497142857142857,0.077978339032293,0.0616560238697348,0.00987484575141401,0.00741865900439093,0.0121794063727609,0.113493488998653,0.108228753633821,0.139655136225442,0.0621714294038774,0.0238753007085187,0.0511689529081432,0.00310791934409216,0.0164803179173305,0.192380952380952,0.0019047619047619,0.0099009900990099
100,0.0389927455689758,1412,TRUE,0.562780417292379,0.266120231943205,"random search",0.658729993647265,0.705133181134532,0.669168269626359,0.75200634933842,0.173333333333333,0.0123456790123457,0.00795743273309226,5.76923076923077,91,2,4,81,525,87,0.226200950620832,0.14482563871272,0.624950495049505,0.212210395739464,0.497142857142857,0.077978339032293,0.0616560238697348,0.00987484575141401,0.00741865900439093,0.0121794063727609,0.113493488998653,0.108228753633821,0.139655136225442,0.0621714294038774,0.0238753007085187,0.0511689529081432,0.00310791934409216,0.0164803179173305,0.192380952380952,0.0019047619047619,0.0099009900990099
1,0.389583255629987,1666,FALSE,0.90910741398111,0.0921675534918904,"Meta RF KGE",0.784833524694727,0.765549782659965,0.810402223106783,0.810168187634652,0.173333333333333,0.0123456790123457,0.00795743273309226,5.76923076923077,91,2,4,81,525,87,0.226200950620832,0.14482563871272,0.624950495049505,0.212210395739464,0.497142857142857,0.077978339032293,0.0616560238697348,0.00987484575141401,0.00741865900439093,0.0121794063727609,0.113493488998653,0.108228753633821,0.139655136225442,0.0621714294038774,0.0238753007085187,0.0511689529081432,0.00310791934409216,0.0164803179173305,0.192380952380952,0.0019047619047619,0.0099009900990099
1,0.245872065192088,731,FALSE,0.750100241298787,0.104002383071929,"Meta RF NSE",0.764058913393693,0.761439280389054,0.787081165205697,0.804132401317543,0.173333333333333,0.0123456790123457,0.00795743273309226,5.76923076923077,91,2,4,81,525,87,0.226200950620832,0.14482563871272,0.624950495049505,0.212210395739464,0.497142857142857,0.077978339032293,0.0616560238697348,0.00987484575141401,0.00741865900439093,0.0121794063727609,0.113493488998653,0.108228753633821,0.139655136225442,0.0621714294038774,0.0238753007085187,0.0511689529081432,0.00310791934409216,0.0164803179173305,0.192380952380952,0.0019047619047619,0.0099009900990099
