"n","numrounds","eta","subsample","max_depth","min_child_weight","colsample_bytree","lambda","alpha","optimizationAlgo","kgeTrain","nseTrain","kgeTest","nseTest","general.attrToInst","general.freqClass.mean","general.freqClass.sd","general.instToAttr","general.nrAttr","general.nrBin","general.nrCat","general.nrClass","general.nrInst","general.nrNum","correlation.C2.mean","correlation.C2.sd","correlation.C3.mean","correlation.C3.sd","correlation.C4","linearity.L1.mean","linearity.L1.sd","linearity.L2.mean","linearity.L3.mean","linearity.L3.sd","smoothness.S1.mean","smoothness.S1.sd","smoothness.S2.mean","smoothness.S2.sd","smoothness.S3.mean","smoothness.S3.sd","smoothness.S4.mean","smoothness.S4.sd","dimensionality.T2","dimensionality.T3","dimensionality.T4"
1,500,0.3,1,6,1,1,1,1,"default",0.544760373491453,0.318513416507339,0.562112426061303,0.366687317728247,0.0218818380743982,0.00224215246636771,0.000339763980622744,45.7,10,0,0,446,457,10,0.154733455146043,0.102485270987819,0.519912472647702,0.0550120221377482,0.693654266958424,0.141406583636774,0.114846831519363,0.0331567549106528,0.0305463348776868,0.0497956887216518,0.129245263435607,0.148708504748253,0.160501248323008,0.088909581674146,0.03425762407025,0.0973701460350016,0.0297358782103741,0.0841866218106562,0.0218818380743982,0.00218818380743982,0.1
1,4168,0.018,0.839,13,2.06,0.752,0.982,1.113,"optimal default",0.547680995733209,0.403749367893013,0.512069219708551,0.37542977777514,0.0218818380743982,0.00224215246636771,0.000339763980622744,45.7,10,0,0,446,457,10,0.154733455146043,0.102485270987819,0.519912472647702,0.0550120221377482,0.693654266958424,0.141406583636774,0.114846831519363,0.0331567549106528,0.0305463348776868,0.0497956887216518,0.129245263435607,0.148708504748253,0.160501248323008,0.088909581674146,0.03425762407025,0.0973701460350016,0.0297358782103741,0.0841866218106562,0.0218818380743982,0.00218818380743982,0.1
1,871,0.00255521365316926,0.150866809859872,15,1.40643621548726,0.172765964642167,71.3849544509949,388.534472878273,"random search",-0.389296399521984,-0.40967581709366,-0.338554352389936,-0.30523290442476,0.0218818380743982,0.00224215246636771,0.000339763980622744,45.7,10,0,0,446,457,10,0.154733455146043,0.102485270987819,0.519912472647702,0.0550120221377482,0.693654266958424,0.141406583636774,0.114846831519363,0.0331567549106528,0.0305463348776868,0.0497956887216518,0.129245263435607,0.148708504748253,0.160501248323008,0.088909581674146,0.03425762407025,0.0973701460350016,0.0297358782103741,0.0841866218106562,0.0218818380743982,0.00218818380743982,0.1
2,4159,0.00114073116603834,0.604340061196126,20,2.59426212859302,0.586983734276146,0.0151426229698908,0.0280161857550601,"random search",0.515179255907885,0.424034968356445,0.448511885641642,0.36546054616209,0.0218818380743982,0.00224215246636771,0.000339763980622744,45.7,10,0,0,446,457,10,0.154733455146043,0.102485270987819,0.519912472647702,0.0550120221377482,0.693654266958424,0.141406583636774,0.114846831519363,0.0331567549106528,0.0305463348776868,0.0497956887216518,0.129245263435607,0.148708504748253,0.160501248323008,0.088909581674146,0.03425762407025,0.0973701460350016,0.0297358782103741,0.0841866218106562,0.0218818380743982,0.00218818380743982,0.1
3,1404,0.0341779476514017,0.922670044098049,16,3.59757479450803,0.634952134685591,0.0117076258628856,2.92159981879034,"random search",0.545971299480468,0.421515169208926,0.489622152687229,0.361986725676812,0.0218818380743982,0.00224215246636771,0.000339763980622744,45.7,10,0,0,446,457,10,0.154733455146043,0.102485270987819,0.519912472647702,0.0550120221377482,0.693654266958424,0.141406583636774,0.114846831519363,0.0331567549106528,0.0305463348776868,0.0497956887216518,0.129245263435607,0.148708504748253,0.160501248323008,0.088909581674146,0.03425762407025,0.0973701460350016,0.0297358782103741,0.0841866218106562,0.0218818380743982,0.00218818380743982,0.1
4,4129,0.00505183210448336,0.571838830574416,15,19.7692539684433,0.120401196181774,4.84397252574383,403.899921397489,"random search",0.00931135587510568,0.124686584517051,0.0357034752306183,0.146075825354175,0.0218818380743982,0.00224215246636771,0.000339763980622744,45.7,10,0,0,446,457,10,0.154733455146043,0.102485270987819,0.519912472647702,0.0550120221377482,0.693654266958424,0.141406583636774,0.114846831519363,0.0331567549106528,0.0305463348776868,0.0497956887216518,0.129245263435607,0.148708504748253,0.160501248323008,0.088909581674146,0.03425762407025,0.0973701460350016,0.0297358782103741,0.0841866218106562,0.0218818380743982,0.00218818380743982,0.1
5,3674,0.372590397954897,0.695591693790629,10,1.02374214564387,0.531746326945722,410.097758414638,0.00442779943078005,"random search",0.544222564997285,0.376572853422935,0.484031621154568,0.292903373693019,0.0218818380743982,0.00224215246636771,0.000339763980622744,45.7,10,0,0,446,457,10,0.154733455146043,0.102485270987819,0.519912472647702,0.0550120221377482,0.693654266958424,0.141406583636774,0.114846831519363,0.0331567549106528,0.0305463348776868,0.0497956887216518,0.129245263435607,0.148708504748253,0.160501248323008,0.088909581674146,0.03425762407025,0.0973701460350016,0.0297358782103741,0.0841866218106562,0.0218818380743982,0.00218818380743982,0.1
6,3129,0.0146593449485442,0.759802320622839,4,12.6944786705229,0.164234019815922,467.039003291665,0.0137888877887602,"random search",0.242379350373797,0.2749121787692,0.228140739604813,0.241149737160863,0.0218818380743982,0.00224215246636771,0.000339763980622744,45.7,10,0,0,446,457,10,0.154733455146043,0.102485270987819,0.519912472647702,0.0550120221377482,0.693654266958424,0.141406583636774,0.114846831519363,0.0331567549106528,0.0305463348776868,0.0497956887216518,0.129245263435607,0.148708504748253,0.160501248323008,0.088909581674146,0.03425762407025,0.0973701460350016,0.0297358782103741,0.0841866218106562,0.0218818380743982,0.00218818380743982,0.1
7,2429,0.185260157437635,0.779575865552761,9,30.3488776758049,0.651089526945725,0.741667835074751,0.368025850703149,"random search",0.568057142156816,0.326158138529377,0.481485782146598,0.225342368983688,0.0218818380743982,0.00224215246636771,0.000339763980622744,45.7,10,0,0,446,457,10,0.154733455146043,0.102485270987819,0.519912472647702,0.0550120221377482,0.693654266958424,0.141406583636774,0.114846831519363,0.0331567549106528,0.0305463348776868,0.0497956887216518,0.129245263435607,0.148708504748253,0.160501248323008,0.088909581674146,0.03425762407025,0.0973701460350016,0.0297358782103741,0.0841866218106562,0.0218818380743982,0.00218818380743982,0.1
8,613,0.00660175447912672,0.956063226982951,7,56.7594325130124,0.790498198242858,0.657846492678237,0.0231442764608073,"random search",0.373688261551507,0.352171163438845,0.353815580793354,0.272215222907719,0.0218818380743982,0.00224215246636771,0.000339763980622744,45.7,10,0,0,446,457,10,0.154733455146043,0.102485270987819,0.519912472647702,0.0550120221377482,0.693654266958424,0.141406583636774,0.114846831519363,0.0331567549106528,0.0305463348776868,0.0497956887216518,0.129245263435607,0.148708504748253,0.160501248323008,0.088909581674146,0.03425762407025,0.0973701460350016,0.0297358782103741,0.0841866218106562,0.0218818380743982,0.00218818380743982,0.1
9,4157,0.00253182415689054,0.114801700459793,15,18.5315806274488,0.313975995639339,54.8659937351972,0.0103297642632157,"random search",-0.0681537814700071,0.0787654275890367,-0.0612855489226047,0.0695433126822169,0.0218818380743982,0.00224215246636771,0.000339763980622744,45.7,10,0,0,446,457,10,0.154733455146043,0.102485270987819,0.519912472647702,0.0550120221377482,0.693654266958424,0.141406583636774,0.114846831519363,0.0331567549106528,0.0305463348776868,0.0497956887216518,0.129245263435607,0.148708504748253,0.160501248323008,0.088909581674146,0.03425762407025,0.0973701460350016,0.0297358782103741,0.0841866218106562,0.0218818380743982,0.00218818380743982,0.1
10,569,0.00119942867324297,0.394413022673689,7,101.217599610341,0.240547688677907,349.116255486686,10.4507658132899,"random search",-0.708182190193082,-0.786873931890195,-0.608074085805808,-0.753697299634374,0.0218818380743982,0.00224215246636771,0.000339763980622744,45.7,10,0,0,446,457,10,0.154733455146043,0.102485270987819,0.519912472647702,0.0550120221377482,0.693654266958424,0.141406583636774,0.114846831519363,0.0331567549106528,0.0305463348776868,0.0497956887216518,0.129245263435607,0.148708504748253,0.160501248323008,0.088909581674146,0.03425762407025,0.0973701460350016,0.0297358782103741,0.0841866218106562,0.0218818380743982,0.00218818380743982,0.1
11,2013,0.137741140799602,0.859396533109248,14,4.71143138512116,0.498953614383936,0.128469083950539,1.26780427358772,"random search",0.491418438230799,0.347020930091233,0.460947105729836,0.277533494553563,0.0218818380743982,0.00224215246636771,0.000339763980622744,45.7,10,0,0,446,457,10,0.154733455146043,0.102485270987819,0.519912472647702,0.0550120221377482,0.693654266958424,0.141406583636774,0.114846831519363,0.0331567549106528,0.0305463348776868,0.0497956887216518,0.129245263435607,0.148708504748253,0.160501248323008,0.088909581674146,0.03425762407025,0.0973701460350016,0.0297358782103741,0.0841866218106562,0.0218818380743982,0.00218818380743982,0.1
12,3975,0.0495236267422093,0.227543357433751,23,56.0455509425401,0.730580649804324,0.136698985589416,0.0640612233460206,"random search",-0.128572428089115,0.0467373404087833,0.0206601426960878,0.0332855327400455,0.0218818380743982,0.00224215246636771,0.000339763980622744,45.7,10,0,0,446,457,10,0.154733455146043,0.102485270987819,0.519912472647702,0.0550120221377482,0.693654266958424,0.141406583636774,0.114846831519363,0.0331567549106528,0.0305463348776868,0.0497956887216518,0.129245263435607,0.148708504748253,0.160501248323008,0.088909581674146,0.03425762407025,0.0973701460350016,0.0297358782103741,0.0841866218106562,0.0218818380743982,0.00218818380743982,0.1
13,3136,0.0209576505490315,0.377015233063139,4,1.48831444748687,0.073011307278648,6.91078556845814,4.03782009103669,"random search",0.418861505225399,0.225108356470879,0.331643435878891,0.0597934239334298,0.0218818380743982,0.00224215246636771,0.000339763980622744,45.7,10,0,0,446,457,10,0.154733455146043,0.102485270987819,0.519912472647702,0.0550120221377482,0.693654266958424,0.141406583636774,0.114846831519363,0.0331567549106528,0.0305463348776868,0.0497956887216518,0.129245263435607,0.148708504748253,0.160501248323008,0.088909581674146,0.03425762407025,0.0973701460350016,0.0297358782103741,0.0841866218106562,0.0218818380743982,0.00218818380743982,0.1
14,2865,0.971569819701781,0.538135266024619,3,2.77681324424762,0.0615316347684711,1.71988530108898,0.0422945975923061,"random search",0.266432275964162,-0.586194573809946,0.203138303598109,-0.770356291455693,0.0218818380743982,0.00224215246636771,0.000339763980622744,45.7,10,0,0,446,457,10,0.154733455146043,0.102485270987819,0.519912472647702,0.0550120221377482,0.693654266958424,0.141406583636774,0.114846831519363,0.0331567549106528,0.0305463348776868,0.0497956887216518,0.129245263435607,0.148708504748253,0.160501248323008,0.088909581674146,0.03425762407025,0.0973701460350016,0.0297358782103741,0.0841866218106562,0.0218818380743982,0.00218818380743982,0.1
15,2422,0.00351896447230362,0.66009634824004,7,4.44306651697823,0.819520889315754,0.00115621501745867,31.1988038662978,"random search",0.5429390785963,0.420072749461984,0.479301184516209,0.355623321587101,0.0218818380743982,0.00224215246636771,0.000339763980622744,45.7,10,0,0,446,457,10,0.154733455146043,0.102485270987819,0.519912472647702,0.0550120221377482,0.693654266958424,0.141406583636774,0.114846831519363,0.0331567549106528,0.0305463348776868,0.0497956887216518,0.129245263435607,0.148708504748253,0.160501248323008,0.088909581674146,0.03425762407025,0.0973701460350016,0.0297358782103741,0.0841866218106562,0.0218818380743982,0.00218818380743982,0.1
16,2071,0.739240168154415,0.140462024463341,8,70.1913227305483,0.492894064402208,797.270327826893,2.39772513985687,"random search",-0.489081759909983,-0.00826831146699814,-0.400669572030954,-0.018249289943761,0.0218818380743982,0.00224215246636771,0.000339763980622744,45.7,10,0,0,446,457,10,0.154733455146043,0.102485270987819,0.519912472647702,0.0550120221377482,0.693654266958424,0.141406583636774,0.114846831519363,0.0331567549106528,0.0305463348776868,0.0497956887216518,0.129245263435607,0.148708504748253,0.160501248323008,0.088909581674146,0.03425762407025,0.0973701460350016,0.0297358782103741,0.0841866218106562,0.0218818380743982,0.00218818380743982,0.1
17,4560,0.092754260125213,0.612382975476794,18,4.38737194974355,0.658679063431919,39.4782932177515,11.965666077441,"random search",0.562356136135536,0.39156841886674,0.478497467007139,0.294334231389562,0.0218818380743982,0.00224215246636771,0.000339763980622744,45.7,10,0,0,446,457,10,0.154733455146043,0.102485270987819,0.519912472647702,0.0550120221377482,0.693654266958424,0.141406583636774,0.114846831519363,0.0331567549106528,0.0305463348776868,0.0497956887216518,0.129245263435607,0.148708504748253,0.160501248323008,0.088909581674146,0.03425762407025,0.0973701460350016,0.0297358782103741,0.0841866218106562,0.0218818380743982,0.00218818380743982,0.1
18,3257,0.00271781720648219,0.805267758946866,21,26.3581717555896,0.132588882464916,328.062848125909,17.2828178150843,"random search",-0.0239303316895727,0.102301590484063,-0.000272490889286603,0.122181074430767,0.0218818380743982,0.00224215246636771,0.000339763980622744,45.7,10,0,0,446,457,10,0.154733455146043,0.102485270987819,0.519912472647702,0.0550120221377482,0.693654266958424,0.141406583636774,0.114846831519363,0.0331567549106528,0.0305463348776868,0.0497956887216518,0.129245263435607,0.148708504748253,0.160501248323008,0.088909581674146,0.03425762407025,0.0973701460350016,0.0297358782103741,0.0841866218106562,0.0218818380743982,0.00218818380743982,0.1
19,4618,0.00100173496732723,0.52463684505783,3,3.28276894346027,0.874386911978945,0.0138858296628469,83.8011457279647,"random search",0.395882138364663,0.361480870510482,0.350295956777466,0.298445875757439,0.0218818380743982,0.00224215246636771,0.000339763980622744,45.7,10,0,0,446,457,10,0.154733455146043,0.102485270987819,0.519912472647702,0.0550120221377482,0.693654266958424,0.141406583636774,0.114846831519363,0.0331567549106528,0.0305463348776868,0.0497956887216518,0.129245263435607,0.148708504748253,0.160501248323008,0.088909581674146,0.03425762407025,0.0973701460350016,0.0297358782103741,0.0841866218106562,0.0218818380743982,0.00218818380743982,0.1
20,3257,0.100003548571111,0.24195163147524,9,1.45238059996687,0.189220080850646,0.00261135873077387,0.0040765918121313,"random search",0.265779982958442,-0.085875994614337,0.21502830736443,-0.139095181906564,0.0218818380743982,0.00224215246636771,0.000339763980622744,45.7,10,0,0,446,457,10,0.154733455146043,0.102485270987819,0.519912472647702,0.0550120221377482,0.693654266958424,0.141406583636774,0.114846831519363,0.0331567549106528,0.0305463348776868,0.0497956887216518,0.129245263435607,0.148708504748253,0.160501248323008,0.088909581674146,0.03425762407025,0.0973701460350016,0.0297358782103741,0.0841866218106562,0.0218818380743982,0.00218818380743982,0.1
21,2275,0.0108315120095629,0.676332194637507,13,12.0177174748152,0.406858199043199,0.00182453597877978,88.5423587551078,"random search",0.510846494253524,0.41920308122027,0.430851734996044,0.312495747672011,0.0218818380743982,0.00224215246636771,0.000339763980622744,45.7,10,0,0,446,457,10,0.154733455146043,0.102485270987819,0.519912472647702,0.0550120221377482,0.693654266958424,0.141406583636774,0.114846831519363,0.0331567549106528,0.0305463348776868,0.0497956887216518,0.129245263435607,0.148708504748253,0.160501248323008,0.088909581674146,0.03425762407025,0.0973701460350016,0.0297358782103741,0.0841866218106562,0.0218818380743982,0.00218818380743982,0.1
22,2637,0.0141684314931633,0.369758336991072,24,4.48086119708361,0.855540917022154,0.0196431960556103,0.246178727553723,"random search",0.571774959258152,0.408995341165407,0.540287304437713,0.366855868653496,0.0218818380743982,0.00224215246636771,0.000339763980622744,45.7,10,0,0,446,457,10,0.154733455146043,0.102485270987819,0.519912472647702,0.0550120221377482,0.693654266958424,0.141406583636774,0.114846831519363,0.0331567549106528,0.0305463348776868,0.0497956887216518,0.129245263435607,0.148708504748253,0.160501248323008,0.088909581674146,0.03425762407025,0.0973701460350016,0.0297358782103741,0.0841866218106562,0.0218818380743982,0.00218818380743982,0.1
23,2966,0.233579690161171,0.49148787772283,8,37.3586737886706,0.205729922745377,6.50557691157414,0.0429300984210778,"random search",0.456477011511986,0.122459681969402,0.381318253574384,-0.0807882583700468,0.0218818380743982,0.00224215246636771,0.000339763980622744,45.7,10,0,0,446,457,10,0.154733455146043,0.102485270987819,0.519912472647702,0.0550120221377482,0.693654266958424,0.141406583636774,0.114846831519363,0.0331567549106528,0.0305463348776868,0.0497956887216518,0.129245263435607,0.148708504748253,0.160501248323008,0.088909581674146,0.03425762407025,0.0973701460350016,0.0297358782103741,0.0841866218106562,0.0218818380743982,0.00218818380743982,0.1
24,4284,0.807327822965551,0.968636259436607,21,1.06870106979792,0.115250423317775,0.00140686798115457,0.00125271110876341,"random search",0.126536598491721,-0.508953639176226,0.00414354161726416,-0.996562134097704,0.0218818380743982,0.00224215246636771,0.000339763980622744,45.7,10,0,0,446,457,10,0.154733455146043,0.102485270987819,0.519912472647702,0.0550120221377482,0.693654266958424,0.141406583636774,0.114846831519363,0.0331567549106528,0.0305463348776868,0.0497956887216518,0.129245263435607,0.148708504748253,0.160501248323008,0.088909581674146,0.03425762407025,0.0973701460350016,0.0297358782103741,0.0841866218106562,0.0218818380743982,0.00218818380743982,0.1
25,1381,0.0274233327919313,0.259836428309791,4,4.86577155500425,0.892371568828821,5.42748163778335,0.00364742235183337,"random search",0.560792793761311,0.404100837143082,0.467127237151699,0.303771094029178,0.0218818380743982,0.00224215246636771,0.000339763980622744,45.7,10,0,0,446,457,10,0.154733455146043,0.102485270987819,0.519912472647702,0.0550120221377482,0.693654266958424,0.141406583636774,0.114846831519363,0.0331567549106528,0.0305463348776868,0.0497956887216518,0.129245263435607,0.148708504748253,0.160501248323008,0.088909581674146,0.03425762407025,0.0973701460350016,0.0297358782103741,0.0841866218106562,0.0218818380743982,0.00218818380743982,0.1
26,225,0.84515239205909,0.152846631943248,17,54.5729707737862,0.425032626371831,0.00371929483334525,9.1201657282829,"random search",-0.416292835070082,-0.037595687844973,-0.475342621741769,-0.000298862612720052,0.0218818380743982,0.00224215246636771,0.000339763980622744,45.7,10,0,0,446,457,10,0.154733455146043,0.102485270987819,0.519912472647702,0.0550120221377482,0.693654266958424,0.141406583636774,0.114846831519363,0.0331567549106528,0.0305463348776868,0.0497956887216518,0.129245263435607,0.148708504748253,0.160501248323008,0.088909581674146,0.03425762407025,0.0973701460350016,0.0297358782103741,0.0841866218106562,0.0218818380743982,0.00218818380743982,0.1
27,2753,0.101618149428719,0.584688555728644,11,25.5515109211539,0.904037126339972,384.882275223064,0.0590916376580858,"random search",0.550046300869398,0.416377297785885,0.425279533764679,0.214514414363604,0.0218818380743982,0.00224215246636771,0.000339763980622744,45.7,10,0,0,446,457,10,0.154733455146043,0.102485270987819,0.519912472647702,0.0550120221377482,0.693654266958424,0.141406583636774,0.114846831519363,0.0331567549106528,0.0305463348776868,0.0497956887216518,0.129245263435607,0.148708504748253,0.160501248323008,0.088909581674146,0.03425762407025,0.0973701460350016,0.0297358782103741,0.0841866218106562,0.0218818380743982,0.00218818380743982,0.1
28,2,0.00294505765930474,0.896708725742064,13,1.77536067751165,0.353614089777693,281.652135988638,8.88530643760419,"random search",-0.617615230135735,-1.20119589740801,-0.636262435808626,-1.26469223414219,0.0218818380743982,0.00224215246636771,0.000339763980622744,45.7,10,0,0,446,457,10,0.154733455146043,0.102485270987819,0.519912472647702,0.0550120221377482,0.693654266958424,0.141406583636774,0.114846831519363,0.0331567549106528,0.0305463348776868,0.0497956887216518,0.129245263435607,0.148708504748253,0.160501248323008,0.088909581674146,0.03425762407025,0.0973701460350016,0.0297358782103741,0.0841866218106562,0.0218818380743982,0.00218818380743982,0.1
29,3211,0.586821131565821,0.734958752943203,21,26.6974668250759,0.920268889516592,0.101573778150761,0.00287029361912726,"random search",0.53773826013389,0.212632302722294,0.500455324725474,0.175718234903907,0.0218818380743982,0.00224215246636771,0.000339763980622744,45.7,10,0,0,446,457,10,0.154733455146043,0.102485270987819,0.519912472647702,0.0550120221377482,0.693654266958424,0.141406583636774,0.114846831519363,0.0331567549106528,0.0305463348776868,0.0497956887216518,0.129245263435607,0.148708504748253,0.160501248323008,0.088909581674146,0.03425762407025,0.0973701460350016,0.0297358782103741,0.0841866218106562,0.0218818380743982,0.00218818380743982,0.1
30,4272,0.952892924765952,0.161084768921137,12,7.37281576556487,0.735796153079718,98.7492338579668,0.00232800207976156,"random search",0.55785209263931,0.237583194714109,0.421222614686751,-0.12979682547589,0.0218818380743982,0.00224215246636771,0.000339763980622744,45.7,10,0,0,446,457,10,0.154733455146043,0.102485270987819,0.519912472647702,0.0550120221377482,0.693654266958424,0.141406583636774,0.114846831519363,0.0331567549106528,0.0305463348776868,0.0497956887216518,0.129245263435607,0.148708504748253,0.160501248323008,0.088909581674146,0.03425762407025,0.0973701460350016,0.0297358782103741,0.0841866218106562,0.0218818380743982,0.00218818380743982,0.1
31,1227,0.654841807334385,0.617597285355441,23,9.59986334179725,0.972521545132622,143.291794732132,0.00552215752560111,"random search",0.566804058468222,0.371924032762763,0.488977068015021,0.255400694877978,0.0218818380743982,0.00224215246636771,0.000339763980622744,45.7,10,0,0,446,457,10,0.154733455146043,0.102485270987819,0.519912472647702,0.0550120221377482,0.693654266958424,0.141406583636774,0.114846831519363,0.0331567549106528,0.0305463348776868,0.0497956887216518,0.129245263435607,0.148708504748253,0.160501248323008,0.088909581674146,0.03425762407025,0.0973701460350016,0.0297358782103741,0.0841866218106562,0.0218818380743982,0.00218818380743982,0.1
32,2372,0.0413651147912014,0.194515505246818,8,15.1555033341201,0.371219458989799,0.00778418678728224,116.477590348835,"random search",0.381947737055509,0.327419006894959,0.348112785549878,0.203265679392793,0.0218818380743982,0.00224215246636771,0.000339763980622744,45.7,10,0,0,446,457,10,0.154733455146043,0.102485270987819,0.519912472647702,0.0550120221377482,0.693654266958424,0.141406583636774,0.114846831519363,0.0331567549106528,0.0305463348776868,0.0497956887216518,0.129245263435607,0.148708504748253,0.160501248323008,0.088909581674146,0.03425762407025,0.0973701460350016,0.0297358782103741,0.0841866218106562,0.0218818380743982,0.00218818380743982,0.1
33,4399,0.00272678267747644,0.470005992171355,3,2.41375431369454,0.247035599779338,5.25595780279677,627.28528450965,"random search",-0.121718281936199,0.0355992389894619,-0.139750901338546,0.0461484590964036,0.0218818380743982,0.00224215246636771,0.000339763980622744,45.7,10,0,0,446,457,10,0.154733455146043,0.102485270987819,0.519912472647702,0.0550120221377482,0.693654266958424,0.141406583636774,0.114846831519363,0.0331567549106528,0.0305463348776868,0.0497956887216518,0.129245263435607,0.148708504748253,0.160501248323008,0.088909581674146,0.03425762407025,0.0973701460350016,0.0297358782103741,0.0841866218106562,0.0218818380743982,0.00218818380743982,0.1
34,3784,0.00186235943461361,0.846604125085287,21,80.8118011570002,0.627780545968562,34.6229730541895,155.077355542193,"random search",0.176451788539326,0.215006681103141,0.205093575735265,0.193373994172001,0.0218818380743982,0.00224215246636771,0.000339763980622744,45.7,10,0,0,446,457,10,0.154733455146043,0.102485270987819,0.519912472647702,0.0550120221377482,0.693654266958424,0.141406583636774,0.114846831519363,0.0331567549106528,0.0305463348776868,0.0497956887216518,0.129245263435607,0.148708504748253,0.160501248323008,0.088909581674146,0.03425762407025,0.0973701460350016,0.0297358782103741,0.0841866218106562,0.0218818380743982,0.00218818380743982,0.1
35,3263,0.723307759400723,0.690395447961055,23,1.27109223521376,0.983579315245152,6.24011651069566,14.2999291320884,"random search",0.517509679752695,0.184099481103893,0.474280948314864,0.196581283619331,0.0218818380743982,0.00224215246636771,0.000339763980622744,45.7,10,0,0,446,457,10,0.154733455146043,0.102485270987819,0.519912472647702,0.0550120221377482,0.693654266958424,0.141406583636774,0.114846831519363,0.0331567549106528,0.0305463348776868,0.0497956887216518,0.129245263435607,0.148708504748253,0.160501248323008,0.088909581674146,0.03425762407025,0.0973701460350016,0.0297358782103741,0.0841866218106562,0.0218818380743982,0.00218818380743982,0.1
36,1040,0.230611768058383,0.661197218182497,23,26.0831337633161,0.285252340370789,1.24153587372084,0.919045192564147,"random search",0.540497664809892,0.311103819173152,0.392800488524119,0.012143648277079,0.0218818380743982,0.00224215246636771,0.000339763980622744,45.7,10,0,0,446,457,10,0.154733455146043,0.102485270987819,0.519912472647702,0.0550120221377482,0.693654266958424,0.141406583636774,0.114846831519363,0.0331567549106528,0.0305463348776868,0.0497956887216518,0.129245263435607,0.148708504748253,0.160501248323008,0.088909581674146,0.03425762407025,0.0973701460350016,0.0297358782103741,0.0841866218106562,0.0218818380743982,0.00218818380743982,0.1
37,78,0.00122892937349301,0.257554941950366,22,2.28771188334939,0.807247225428,128.400976330088,290.41720535967,"random search",-0.519470730706374,-1.12474373106589,-0.532587845818091,-1.16934690205436,0.0218818380743982,0.00224215246636771,0.000339763980622744,45.7,10,0,0,446,457,10,0.154733455146043,0.102485270987819,0.519912472647702,0.0550120221377482,0.693654266958424,0.141406583636774,0.114846831519363,0.0331567549106528,0.0305463348776868,0.0497956887216518,0.129245263435607,0.148708504748253,0.160501248323008,0.088909581674146,0.03425762407025,0.0973701460350016,0.0297358782103741,0.0841866218106562,0.0218818380743982,0.00218818380743982,0.1
38,955,0.0456317750447792,0.36267066965811,8,5.50678543878935,0.297193313017488,695.952781170472,0.187894908144751,"random search",0.145467310690602,0.217136263287839,0.137154939689206,0.208981714520571,0.0218818380743982,0.00224215246636771,0.000339763980622744,45.7,10,0,0,446,457,10,0.154733455146043,0.102485270987819,0.519912472647702,0.0550120221377482,0.693654266958424,0.141406583636774,0.114846831519363,0.0331567549106528,0.0305463348776868,0.0497956887216518,0.129245263435607,0.148708504748253,0.160501248323008,0.088909581674146,0.03425762407025,0.0973701460350016,0.0297358782103741,0.0841866218106562,0.0218818380743982,0.00218818380743982,0.1
39,132,0.00107682952561363,0.735194408264942,21,29.9670113079407,0.860567240277305,0.0080517189982884,15.2772762318804,"random search",-0.123004870907355,-0.850244223222058,-0.106257536996536,-0.867745447352911,0.0218818380743982,0.00224215246636771,0.000339763980622744,45.7,10,0,0,446,457,10,0.154733455146043,0.102485270987819,0.519912472647702,0.0550120221377482,0.693654266958424,0.141406583636774,0.114846831519363,0.0331567549106528,0.0305463348776868,0.0497956887216518,0.129245263435607,0.148708504748253,0.160501248323008,0.088909581674146,0.03425762407025,0.0973701460350016,0.0297358782103741,0.0841866218106562,0.0218818380743982,0.00218818380743982,0.1
40,3422,0.507833630628457,0.940800886461511,17,90.696505727182,0.521550053264946,1.39399153936494,6.15711114148527,"random search",0.488898254611125,0.103311305716408,0.484254650840967,0.0827228952123006,0.0218818380743982,0.00224215246636771,0.000339763980622744,45.7,10,0,0,446,457,10,0.154733455146043,0.102485270987819,0.519912472647702,0.0550120221377482,0.693654266958424,0.141406583636774,0.114846831519363,0.0331567549106528,0.0305463348776868,0.0497956887216518,0.129245263435607,0.148708504748253,0.160501248323008,0.088909581674146,0.03425762407025,0.0973701460350016,0.0297358782103741,0.0841866218106562,0.0218818380743982,0.00218818380743982,0.1
41,1160,0.141725610794787,0.815334439952858,3,46.4606754121039,0.462842002976686,0.00435757693165356,35.4615224741113,"random search",0.54533695769908,0.357345324461393,0.453660274890123,0.18630841798655,0.0218818380743982,0.00224215246636771,0.000339763980622744,45.7,10,0,0,446,457,10,0.154733455146043,0.102485270987819,0.519912472647702,0.0550120221377482,0.693654266958424,0.141406583636774,0.114846831519363,0.0331567549106528,0.0305463348776868,0.0497956887216518,0.129245263435607,0.148708504748253,0.160501248323008,0.088909581674146,0.03425762407025,0.0973701460350016,0.0297358782103741,0.0841866218106562,0.0218818380743982,0.00218818380743982,0.1
42,545,0.0393674895380217,0.195574424602091,19,16.6180242930643,0.419399274978787,255.235222603772,0.0239790022757308,"random search",0.0467815288142299,0.141744521756971,0.0529296587306101,0.135847493533891,0.0218818380743982,0.00224215246636771,0.000339763980622744,45.7,10,0,0,446,457,10,0.154733455146043,0.102485270987819,0.519912472647702,0.0550120221377482,0.693654266958424,0.141406583636774,0.114846831519363,0.0331567549106528,0.0305463348776868,0.0497956887216518,0.129245263435607,0.148708504748253,0.160501248323008,0.088909581674146,0.03425762407025,0.0973701460350016,0.0297358782103741,0.0841866218106562,0.0218818380743982,0.00218818380743982,0.1
43,3025,0.0371063474677237,0.947165547590703,24,54.2328408650222,0.94593240483664,0.744874715132062,36.9308673689646,"random search",0.552635821278727,0.385885233917499,0.475207351503156,0.263025692517177,0.0218818380743982,0.00224215246636771,0.000339763980622744,45.7,10,0,0,446,457,10,0.154733455146043,0.102485270987819,0.519912472647702,0.0550120221377482,0.693654266958424,0.141406583636774,0.114846831519363,0.0331567549106528,0.0305463348776868,0.0497956887216518,0.129245263435607,0.148708504748253,0.160501248323008,0.088909581674146,0.03425762407025,0.0973701460350016,0.0297358782103741,0.0841866218106562,0.0218818380743982,0.00218818380743982,0.1
44,309,0.00634171327250267,0.499891884601675,16,18.0395804024859,0.505778377642855,0.0134471541286376,464.890583945363,"random search",-0.0781920195692025,-0.0174793740910453,-0.107953566236067,0.0130381663377407,0.0218818380743982,0.00224215246636771,0.000339763980622744,45.7,10,0,0,446,457,10,0.154733455146043,0.102485270987819,0.519912472647702,0.0550120221377482,0.693654266958424,0.141406583636774,0.114846831519363,0.0331567549106528,0.0305463348776868,0.0497956887216518,0.129245263435607,0.148708504748253,0.160501248323008,0.088909581674146,0.03425762407025,0.0973701460350016,0.0297358782103741,0.0841866218106562,0.0218818380743982,0.00218818380743982,0.1
45,2893,0.755110987013186,0.592454211739823,19,3.31793926581778,0.0101870158687234,0.0129283602902211,4.01680346777004,"random search",0.166368901874879,-0.747983935789639,0.0985635365548022,-0.989874820624559,0.0218818380743982,0.00224215246636771,0.000339763980622744,45.7,10,0,0,446,457,10,0.154733455146043,0.102485270987819,0.519912472647702,0.0550120221377482,0.693654266958424,0.141406583636774,0.114846831519363,0.0331567549106528,0.0305463348776868,0.0497956887216518,0.129245263435607,0.148708504748253,0.160501248323008,0.088909581674146,0.03425762407025,0.0973701460350016,0.0297358782103741,0.0841866218106562,0.0218818380743982,0.00218818380743982,0.1
46,2750,0.5487476734573,0.818748541874811,19,78.3442716768413,0.909501047804952,0.0599388496483911,1.10093136134714,"random search",0.484037528352911,0.0882569131143031,0.437618661452321,-0.0101849920709256,0.0218818380743982,0.00224215246636771,0.000339763980622744,45.7,10,0,0,446,457,10,0.154733455146043,0.102485270987819,0.519912472647702,0.0550120221377482,0.693654266958424,0.141406583636774,0.114846831519363,0.0331567549106528,0.0305463348776868,0.0497956887216518,0.129245263435607,0.148708504748253,0.160501248323008,0.088909581674146,0.03425762407025,0.0973701460350016,0.0297358782103741,0.0841866218106562,0.0218818380743982,0.00218818380743982,0.1
47,3253,0.0705199176781921,0.546016127313487,3,5.34549221197654,0.655032425653189,0.0194212268647454,28.868846070943,"random search",0.571640389660602,0.399742157866328,0.482252679365946,0.247948416271023,0.0218818380743982,0.00224215246636771,0.000339763980622744,45.7,10,0,0,446,457,10,0.154733455146043,0.102485270987819,0.519912472647702,0.0550120221377482,0.693654266958424,0.141406583636774,0.114846831519363,0.0331567549106528,0.0305463348776868,0.0497956887216518,0.129245263435607,0.148708504748253,0.160501248323008,0.088909581674146,0.03425762407025,0.0973701460350016,0.0297358782103741,0.0841866218106562,0.0218818380743982,0.00218818380743982,0.1
48,3173,0.0847417072337329,0.369112359220162,20,36.3772255611669,0.725712455809116,0.00108375400254625,5.65536234278284,"random search",0.493195815794661,0.257364404786513,0.498198510078704,0.230329391818514,0.0218818380743982,0.00224215246636771,0.000339763980622744,45.7,10,0,0,446,457,10,0.154733455146043,0.102485270987819,0.519912472647702,0.0550120221377482,0.693654266958424,0.141406583636774,0.114846831519363,0.0331567549106528,0.0305463348776868,0.0497956887216518,0.129245263435607,0.148708504748253,0.160501248323008,0.088909581674146,0.03425762407025,0.0973701460350016,0.0297358782103741,0.0841866218106562,0.0218818380743982,0.00218818380743982,0.1
49,1052,0.00676846179761631,0.641538339992985,24,10.4341994423021,0.494309016736224,0.364896530160837,0.248248437120509,"random search",0.514207914575962,0.421856664065691,0.457392837723204,0.360825454615891,0.0218818380743982,0.00224215246636771,0.000339763980622744,45.7,10,0,0,446,457,10,0.154733455146043,0.102485270987819,0.519912472647702,0.0550120221377482,0.693654266958424,0.141406583636774,0.114846831519363,0.0331567549106528,0.0305463348776868,0.0497956887216518,0.129245263435607,0.148708504748253,0.160501248323008,0.088909581674146,0.03425762407025,0.0973701460350016,0.0297358782103741,0.0841866218106562,0.0218818380743982,0.00218818380743982,0.1
50,4956,0.389990686691133,0.491295339958742,13,32.591224367449,0.794233276043087,0.0120743087132118,6.45199818001792,"random search",0.512202116053269,0.155049598116519,0.456596108124449,0.000250962497982843,0.0218818380743982,0.00224215246636771,0.000339763980622744,45.7,10,0,0,446,457,10,0.154733455146043,0.102485270987819,0.519912472647702,0.0550120221377482,0.693654266958424,0.141406583636774,0.114846831519363,0.0331567549106528,0.0305463348776868,0.0497956887216518,0.129245263435607,0.148708504748253,0.160501248323008,0.088909581674146,0.03425762407025,0.0973701460350016,0.0297358782103741,0.0841866218106562,0.0218818380743982,0.00218818380743982,0.1
51,2788,0.00103351778464749,0.60469716086518,15,1.88359500632217,0.53645493555814,0.195527702686251,2.73654251770624,"random search",0.486358708344268,0.40986776907936,0.421037724647806,0.349908493763117,0.0218818380743982,0.00224215246636771,0.000339763980622744,45.7,10,0,0,446,457,10,0.154733455146043,0.102485270987819,0.519912472647702,0.0550120221377482,0.693654266958424,0.141406583636774,0.114846831519363,0.0331567549106528,0.0305463348776868,0.0497956887216518,0.129245263435607,0.148708504748253,0.160501248323008,0.088909581674146,0.03425762407025,0.0973701460350016,0.0297358782103741,0.0841866218106562,0.0218818380743982,0.00218818380743982,0.1
52,477,0.0013682566290998,0.861933033214882,2,20.2764749314081,0.504841956077144,0.003604008688474,0.00100899456204559,"random search",-0.0328235616827368,-0.220264661246743,-0.0336589275846184,-0.186388428469022,0.0218818380743982,0.00224215246636771,0.000339763980622744,45.7,10,0,0,446,457,10,0.154733455146043,0.102485270987819,0.519912472647702,0.0550120221377482,0.693654266958424,0.141406583636774,0.114846831519363,0.0331567549106528,0.0305463348776868,0.0497956887216518,0.129245263435607,0.148708504748253,0.160501248323008,0.088909581674146,0.03425762407025,0.0973701460350016,0.0297358782103741,0.0841866218106562,0.0218818380743982,0.00218818380743982,0.1
53,1439,0.683919981317905,0.914851587545127,23,3.69407673857534,0.869445069227368,23.4789044940097,0.0011419167869925,"random search",0.556649606282989,0.328556872620485,0.546421197734358,0.294419031960599,0.0218818380743982,0.00224215246636771,0.000339763980622744,45.7,10,0,0,446,457,10,0.154733455146043,0.102485270987819,0.519912472647702,0.0550120221377482,0.693654266958424,0.141406583636774,0.114846831519363,0.0331567549106528,0.0305463348776868,0.0497956887216518,0.129245263435607,0.148708504748253,0.160501248323008,0.088909581674146,0.03425762407025,0.0973701460350016,0.0297358782103741,0.0841866218106562,0.0218818380743982,0.00218818380743982,0.1
54,5,0.629851518209218,0.848417399800383,2,121.892402744802,0.602589924586937,0.00168860540554296,0.00103371611149374,"random search",-0.00572636206837829,0.0827537272942777,0.204801223075418,0.155051961845713,0.0218818380743982,0.00224215246636771,0.000339763980622744,45.7,10,0,0,446,457,10,0.154733455146043,0.102485270987819,0.519912472647702,0.0550120221377482,0.693654266958424,0.141406583636774,0.114846831519363,0.0331567549106528,0.0305463348776868,0.0497956887216518,0.129245263435607,0.148708504748253,0.160501248323008,0.088909581674146,0.03425762407025,0.0973701460350016,0.0297358782103741,0.0841866218106562,0.0218818380743982,0.00218818380743982,0.1
55,85,0.00138871017831347,0.267370118922554,25,8.33833733629754,0.211924811592326,334.213378286601,0.907041742780889,"random search",-0.747885230429117,-1.14110366626678,-0.589391915038692,-1.18960903990494,0.0218818380743982,0.00224215246636771,0.000339763980622744,45.7,10,0,0,446,457,10,0.154733455146043,0.102485270987819,0.519912472647702,0.0550120221377482,0.693654266958424,0.141406583636774,0.114846831519363,0.0331567549106528,0.0305463348776868,0.0497956887216518,0.129245263435607,0.148708504748253,0.160501248323008,0.088909581674146,0.03425762407025,0.0973701460350016,0.0297358782103741,0.0841866218106562,0.0218818380743982,0.00218818380743982,0.1
56,4350,0.00868448261347022,0.120108777470887,19,2.04986988754921,0.380601592827588,10.3324751522017,0.00350579116069482,"random search",0.520385870680327,0.417207688998485,0.412999312801437,0.265481088158098,0.0218818380743982,0.00224215246636771,0.000339763980622744,45.7,10,0,0,446,457,10,0.154733455146043,0.102485270987819,0.519912472647702,0.0550120221377482,0.693654266958424,0.141406583636774,0.114846831519363,0.0331567549106528,0.0305463348776868,0.0497956887216518,0.129245263435607,0.148708504748253,0.160501248323008,0.088909581674146,0.03425762407025,0.0973701460350016,0.0297358782103741,0.0841866218106562,0.0218818380743982,0.00218818380743982,0.1
57,801,0.0473919645441797,0.913540661241859,9,59.562338123584,0.415166036458686,17.3619651861785,1017.61580506156,"random search",-0.122021891846434,0.0346202846446099,-0.116085461834083,0.0557188923186173,0.0218818380743982,0.00224215246636771,0.000339763980622744,45.7,10,0,0,446,457,10,0.154733455146043,0.102485270987819,0.519912472647702,0.0550120221377482,0.693654266958424,0.141406583636774,0.114846831519363,0.0331567549106528,0.0305463348776868,0.0497956887216518,0.129245263435607,0.148708504748253,0.160501248323008,0.088909581674146,0.03425762407025,0.0973701460350016,0.0297358782103741,0.0841866218106562,0.0218818380743982,0.00218818380743982,0.1
58,539,0.0312243666517041,0.225670005008578,1,88.2315924562515,0.37990854610689,0.00470803382114452,168.6546428137,"random search",-0.50731456688015,-0.00641986426492691,-0.420953339505892,-0.0129028249560614,0.0218818380743982,0.00224215246636771,0.000339763980622744,45.7,10,0,0,446,457,10,0.154733455146043,0.102485270987819,0.519912472647702,0.0550120221377482,0.693654266958424,0.141406583636774,0.114846831519363,0.0331567549106528,0.0305463348776868,0.0497956887216518,0.129245263435607,0.148708504748253,0.160501248323008,0.088909581674146,0.03425762407025,0.0973701460350016,0.0297358782103741,0.0841866218106562,0.0218818380743982,0.00218818380743982,0.1
59,3117,0.0749712936502963,0.694545737048611,14,34.499831247338,0.993220868054777,5.07952609751685,0.062235195557048,"random search",0.566715985511099,0.337766674376794,0.441206594785991,0.148390771673918,0.0218818380743982,0.00224215246636771,0.000339763980622744,45.7,10,0,0,446,457,10,0.154733455146043,0.102485270987819,0.519912472647702,0.0550120221377482,0.693654266958424,0.141406583636774,0.114846831519363,0.0331567549106528,0.0305463348776868,0.0497956887216518,0.129245263435607,0.148708504748253,0.160501248323008,0.088909581674146,0.03425762407025,0.0973701460350016,0.0297358782103741,0.0841866218106562,0.0218818380743982,0.00218818380743982,0.1
60,4818,0.0456079207943839,0.438187561440282,12,1.33155490150843,0.0621349953580648,0.343353830428291,759.444114826918,"random search",-0.170206977976942,0.0287406241295339,-0.205158683786874,0.02802145937152,0.0218818380743982,0.00224215246636771,0.000339763980622744,45.7,10,0,0,446,457,10,0.154733455146043,0.102485270987819,0.519912472647702,0.0550120221377482,0.693654266958424,0.141406583636774,0.114846831519363,0.0331567549106528,0.0305463348776868,0.0497956887216518,0.129245263435607,0.148708504748253,0.160501248323008,0.088909581674146,0.03425762407025,0.0973701460350016,0.0297358782103741,0.0841866218106562,0.0218818380743982,0.00218818380743982,0.1
61,216,0.00196637593897806,0.456578208855353,21,3.30353876791036,0.210264030145481,2.9092021817156,7.32942470036577,"random search",-0.103893093404826,-0.486060155424893,-0.106180019456187,-0.470606557469378,0.0218818380743982,0.00224215246636771,0.000339763980622744,45.7,10,0,0,446,457,10,0.154733455146043,0.102485270987819,0.519912472647702,0.0550120221377482,0.693654266958424,0.141406583636774,0.114846831519363,0.0331567549106528,0.0305463348776868,0.0497956887216518,0.129245263435607,0.148708504748253,0.160501248323008,0.088909581674146,0.03425762407025,0.0973701460350016,0.0297358782103741,0.0841866218106562,0.0218818380743982,0.00218818380743982,0.1
62,4053,0.00177422447133034,0.721197973168455,23,11.3251570889628,0.543603513622656,0.00538447548260652,0.213241222079417,"random search",0.532603546772132,0.426434666027105,0.478328284384724,0.374926113814398,0.0218818380743982,0.00224215246636771,0.000339763980622744,45.7,10,0,0,446,457,10,0.154733455146043,0.102485270987819,0.519912472647702,0.0550120221377482,0.693654266958424,0.141406583636774,0.114846831519363,0.0331567549106528,0.0305463348776868,0.0497956887216518,0.129245263435607,0.148708504748253,0.160501248323008,0.088909581674146,0.03425762407025,0.0973701460350016,0.0297358782103741,0.0841866218106562,0.0218818380743982,0.00218818380743982,0.1
63,2125,0.0727439976804837,0.889457225101069,13,10.595810641637,0.807460044510663,22.1172685480092,0.170654105327998,"random search",0.579539161824352,0.408563468528985,0.525135417988647,0.359271478580892,0.0218818380743982,0.00224215246636771,0.000339763980622744,45.7,10,0,0,446,457,10,0.154733455146043,0.102485270987819,0.519912472647702,0.0550120221377482,0.693654266958424,0.141406583636774,0.114846831519363,0.0331567549106528,0.0305463348776868,0.0497956887216518,0.129245263435607,0.148708504748253,0.160501248323008,0.088909581674146,0.03425762407025,0.0973701460350016,0.0297358782103741,0.0841866218106562,0.0218818380743982,0.00218818380743982,0.1
64,4986,0.00314563695409647,0.672514617233537,1,73.0271726086727,0.753537745447829,0.0724416475609529,0.0073405573628311,"random search",0.271838452801512,0.238752300252864,0.272036320736257,0.163415362356724,0.0218818380743982,0.00224215246636771,0.000339763980622744,45.7,10,0,0,446,457,10,0.154733455146043,0.102485270987819,0.519912472647702,0.0550120221377482,0.693654266958424,0.141406583636774,0.114846831519363,0.0331567549106528,0.0305463348776868,0.0497956887216518,0.129245263435607,0.148708504748253,0.160501248323008,0.088909581674146,0.03425762407025,0.0973701460350016,0.0297358782103741,0.0841866218106562,0.0218818380743982,0.00218818380743982,0.1
65,1514,0.0201835021819514,0.471220096386969,20,2.37633883389394,0.476910149212927,0.374626078005067,0.425558494091938,"random search",0.516842000178757,0.417266121958246,0.460423145809847,0.339552713464476,0.0218818380743982,0.00224215246636771,0.000339763980622744,45.7,10,0,0,446,457,10,0.154733455146043,0.102485270987819,0.519912472647702,0.0550120221377482,0.693654266958424,0.141406583636774,0.114846831519363,0.0331567549106528,0.0305463348776868,0.0497956887216518,0.129245263435607,0.148708504748253,0.160501248323008,0.088909581674146,0.03425762407025,0.0973701460350016,0.0297358782103741,0.0841866218106562,0.0218818380743982,0.00218818380743982,0.1
66,4088,0.00273010562370411,0.216605645604432,9,7.77423159823316,0.462450079154223,0.392674544663341,698.208784897818,"random search",-0.193449123915018,-0.0980954312845144,-0.196233795845234,-0.0244367846686557,0.0218818380743982,0.00224215246636771,0.000339763980622744,45.7,10,0,0,446,457,10,0.154733455146043,0.102485270987819,0.519912472647702,0.0550120221377482,0.693654266958424,0.141406583636774,0.114846831519363,0.0331567549106528,0.0305463348776868,0.0497956887216518,0.129245263435607,0.148708504748253,0.160501248323008,0.088909581674146,0.03425762407025,0.0973701460350016,0.0297358782103741,0.0841866218106562,0.0218818380743982,0.00218818380743982,0.1
67,3094,0.00225442525366353,0.693335611093789,22,14.122227538614,0.491975093260407,0.00140215887142823,8.24909358472402,"random search",0.503422558687938,0.420172760512379,0.436243319218467,0.336289744712875,0.0218818380743982,0.00224215246636771,0.000339763980622744,45.7,10,0,0,446,457,10,0.154733455146043,0.102485270987819,0.519912472647702,0.0550120221377482,0.693654266958424,0.141406583636774,0.114846831519363,0.0331567549106528,0.0305463348776868,0.0497956887216518,0.129245263435607,0.148708504748253,0.160501248323008,0.088909581674146,0.03425762407025,0.0973701460350016,0.0297358782103741,0.0841866218106562,0.0218818380743982,0.00218818380743982,0.1
68,1182,0.0210920453349329,0.24983277041465,12,22.5328495983353,0.741521170595661,166.648125543511,0.00619384893021578,"random search",0.210182314161483,0.239226013178963,0.218864841154406,0.184040567626578,0.0218818380743982,0.00224215246636771,0.000339763980622744,45.7,10,0,0,446,457,10,0.154733455146043,0.102485270987819,0.519912472647702,0.0550120221377482,0.693654266958424,0.141406583636774,0.114846831519363,0.0331567549106528,0.0305463348776868,0.0497956887216518,0.129245263435607,0.148708504748253,0.160501248323008,0.088909581674146,0.03425762407025,0.0973701460350016,0.0297358782103741,0.0841866218106562,0.0218818380743982,0.00218818380743982,0.1
69,1107,0.0657322140189929,0.936761592840776,21,13.9001673231716,0.775532435625792,2.13114451040347,0.112932394974153,"random search",0.566410837684639,0.386680174441094,0.527389233319947,0.369051424632381,0.0218818380743982,0.00224215246636771,0.000339763980622744,45.7,10,0,0,446,457,10,0.154733455146043,0.102485270987819,0.519912472647702,0.0550120221377482,0.693654266958424,0.141406583636774,0.114846831519363,0.0331567549106528,0.0305463348776868,0.0497956887216518,0.129245263435607,0.148708504748253,0.160501248323008,0.088909581674146,0.03425762407025,0.0973701460350016,0.0297358782103741,0.0841866218106562,0.0218818380743982,0.00218818380743982,0.1
70,4867,0.0255351592856481,0.834200661466457,3,47.0568180152826,0.336169456830248,9.51306819749325,1.89553434794524,"random search",0.531342426473751,0.344413802672929,0.413781372339249,0.133628808653209,0.0218818380743982,0.00224215246636771,0.000339763980622744,45.7,10,0,0,446,457,10,0.154733455146043,0.102485270987819,0.519912472647702,0.0550120221377482,0.693654266958424,0.141406583636774,0.114846831519363,0.0331567549106528,0.0305463348776868,0.0497956887216518,0.129245263435607,0.148708504748253,0.160501248323008,0.088909581674146,0.03425762407025,0.0973701460350016,0.0297358782103741,0.0841866218106562,0.0218818380743982,0.00218818380743982,0.1
71,3811,0.00153538949780737,0.679462731117383,8,31.8060495470615,0.160347404889762,1.14848352662478,1.65361027928636,"random search",0.22289135187016,0.252197151027642,0.145161965775971,0.141930625535706,0.0218818380743982,0.00224215246636771,0.000339763980622744,45.7,10,0,0,446,457,10,0.154733455146043,0.102485270987819,0.519912472647702,0.0550120221377482,0.693654266958424,0.141406583636774,0.114846831519363,0.0331567549106528,0.0305463348776868,0.0497956887216518,0.129245263435607,0.148708504748253,0.160501248323008,0.088909581674146,0.03425762407025,0.0973701460350016,0.0297358782103741,0.0841866218106562,0.0218818380743982,0.00218818380743982,0.1
72,4654,0.00152651344895616,0.711719964118674,4,1.71783531080232,0.533131930511445,0.00460715105473111,1.27623263097003,"random search",0.499888975954084,0.399272789244134,0.412471730917696,0.313466311766091,0.0218818380743982,0.00224215246636771,0.000339763980622744,45.7,10,0,0,446,457,10,0.154733455146043,0.102485270987819,0.519912472647702,0.0550120221377482,0.693654266958424,0.141406583636774,0.114846831519363,0.0331567549106528,0.0305463348776868,0.0497956887216518,0.129245263435607,0.148708504748253,0.160501248323008,0.088909581674146,0.03425762407025,0.0973701460350016,0.0297358782103741,0.0841866218106562,0.0218818380743982,0.00218818380743982,0.1
73,1208,0.00483580269843832,0.362692719511688,6,2.88923665224135,0.355075415223837,11.7641315455383,12.9437087580828,"random search",0.372547425915668,0.363555575840844,0.33136187004879,0.29969344825225,0.0218818380743982,0.00224215246636771,0.000339763980622744,45.7,10,0,0,446,457,10,0.154733455146043,0.102485270987819,0.519912472647702,0.0550120221377482,0.693654266958424,0.141406583636774,0.114846831519363,0.0331567549106528,0.0305463348776868,0.0497956887216518,0.129245263435607,0.148708504748253,0.160501248323008,0.088909581674146,0.03425762407025,0.0973701460350016,0.0297358782103741,0.0841866218106562,0.0218818380743982,0.00218818380743982,0.1
74,646,0.00938131045764445,0.470939029171132,6,6.57460315490883,0.814610859146342,85.1526561304877,25.313187319503,"random search",0.246485466615212,0.254709028065587,0.236947868476426,0.230778072494806,0.0218818380743982,0.00224215246636771,0.000339763980622744,45.7,10,0,0,446,457,10,0.154733455146043,0.102485270987819,0.519912472647702,0.0550120221377482,0.693654266958424,0.141406583636774,0.114846831519363,0.0331567549106528,0.0305463348776868,0.0497956887216518,0.129245263435607,0.148708504748253,0.160501248323008,0.088909581674146,0.03425762407025,0.0973701460350016,0.0297358782103741,0.0841866218106562,0.0218818380743982,0.00218818380743982,0.1
75,2267,0.355133001548516,0.913157122535631,9,20.6849286544759,0.213900045724586,19.4012547670297,27.1856294569262,"random search",0.52063866001721,0.338228664457556,0.449823898988366,0.214684666530758,0.0218818380743982,0.00224215246636771,0.000339763980622744,45.7,10,0,0,446,457,10,0.154733455146043,0.102485270987819,0.519912472647702,0.0550120221377482,0.693654266958424,0.141406583636774,0.114846831519363,0.0331567549106528,0.0305463348776868,0.0497956887216518,0.129245263435607,0.148708504748253,0.160501248323008,0.088909581674146,0.03425762407025,0.0973701460350016,0.0297358782103741,0.0841866218106562,0.0218818380743982,0.00218818380743982,0.1
76,3368,0.0210081896620071,0.853605804988183,7,9.77982516539443,0.552101015113294,0.00113007521019484,2.58269423672356,"random search",0.554429571865189,0.404139411260004,0.494325014892314,0.325308786323431,0.0218818380743982,0.00224215246636771,0.000339763980622744,45.7,10,0,0,446,457,10,0.154733455146043,0.102485270987819,0.519912472647702,0.0550120221377482,0.693654266958424,0.141406583636774,0.114846831519363,0.0331567549106528,0.0305463348776868,0.0497956887216518,0.129245263435607,0.148708504748253,0.160501248323008,0.088909581674146,0.03425762407025,0.0973701460350016,0.0297358782103741,0.0841866218106562,0.0218818380743982,0.00218818380743982,0.1
77,1813,0.120827234467321,0.251465736981481,25,1.98982659297247,0.817279346520081,50.8653429602141,20.1089317166026,"random search",0.560876858715412,0.403948464710921,0.470990344191054,0.238171896165762,0.0218818380743982,0.00224215246636771,0.000339763980622744,45.7,10,0,0,446,457,10,0.154733455146043,0.102485270987819,0.519912472647702,0.0550120221377482,0.693654266958424,0.141406583636774,0.114846831519363,0.0331567549106528,0.0305463348776868,0.0497956887216518,0.129245263435607,0.148708504748253,0.160501248323008,0.088909581674146,0.03425762407025,0.0973701460350016,0.0297358782103741,0.0841866218106562,0.0218818380743982,0.00218818380743982,0.1
78,3128,0.0759899287914739,0.508950010593981,24,92.1349272150762,0.876823509810492,0.731009328657743,136.359635809478,"random search",0.161951825339023,0.137152666601537,0.118018491567691,-0.0870575367954161,0.0218818380743982,0.00224215246636771,0.000339763980622744,45.7,10,0,0,446,457,10,0.154733455146043,0.102485270987819,0.519912472647702,0.0550120221377482,0.693654266958424,0.141406583636774,0.114846831519363,0.0331567549106528,0.0305463348776868,0.0497956887216518,0.129245263435607,0.148708504748253,0.160501248323008,0.088909581674146,0.03425762407025,0.0973701460350016,0.0297358782103741,0.0841866218106562,0.0218818380743982,0.00218818380743982,0.1
79,2695,0.00266964493862517,0.833434107713401,23,12.3808279952501,0.635019770590588,11.7134230562234,0.159017300364479,"random search",0.5216670762445,0.428828750601926,0.474151483917548,0.369786170020331,0.0218818380743982,0.00224215246636771,0.000339763980622744,45.7,10,0,0,446,457,10,0.154733455146043,0.102485270987819,0.519912472647702,0.0550120221377482,0.693654266958424,0.141406583636774,0.114846831519363,0.0331567549106528,0.0305463348776868,0.0497956887216518,0.129245263435607,0.148708504748253,0.160501248323008,0.088909581674146,0.03425762407025,0.0973701460350016,0.0297358782103741,0.0841866218106562,0.0218818380743982,0.00218818380743982,0.1
80,3506,0.00940618969200096,0.945978192333132,25,17.797460102838,0.438035306055099,2.10211736651542,0.036907070443063,"random search",0.546668716485774,0.393646195689581,0.485572218639535,0.324358335713714,0.0218818380743982,0.00224215246636771,0.000339763980622744,45.7,10,0,0,446,457,10,0.154733455146043,0.102485270987819,0.519912472647702,0.0550120221377482,0.693654266958424,0.141406583636774,0.114846831519363,0.0331567549106528,0.0305463348776868,0.0497956887216518,0.129245263435607,0.148708504748253,0.160501248323008,0.088909581674146,0.03425762407025,0.0973701460350016,0.0297358782103741,0.0841866218106562,0.0218818380743982,0.00218818380743982,0.1
81,4216,0.659211886981761,0.416664300719276,17,56.5526731898734,0.460842321626842,9.60584957187273,0.0183658808656911,"random search",0.320795083796875,-0.286937116915161,0.349095154523819,-0.257206040110884,0.0218818380743982,0.00224215246636771,0.000339763980622744,45.7,10,0,0,446,457,10,0.154733455146043,0.102485270987819,0.519912472647702,0.0550120221377482,0.693654266958424,0.141406583636774,0.114846831519363,0.0331567549106528,0.0305463348776868,0.0497956887216518,0.129245263435607,0.148708504748253,0.160501248323008,0.088909581674146,0.03425762407025,0.0973701460350016,0.0297358782103741,0.0841866218106562,0.0218818380743982,0.00218818380743982,0.1
82,334,0.00328408177224522,0.324679709249176,12,2.03603105661269,0.283506531501189,5.63880529968388,464.761582782343,"random search",-0.248371284716555,-0.254135258533839,-0.237972469375158,-0.184323309553938,0.0218818380743982,0.00224215246636771,0.000339763980622744,45.7,10,0,0,446,457,10,0.154733455146043,0.102485270987819,0.519912472647702,0.0550120221377482,0.693654266958424,0.141406583636774,0.114846831519363,0.0331567549106528,0.0305463348776868,0.0497956887216518,0.129245263435607,0.148708504748253,0.160501248323008,0.088909581674146,0.03425762407025,0.0973701460350016,0.0297358782103741,0.0841866218106562,0.0218818380743982,0.00218818380743982,0.1
83,4294,0.0047760296690605,0.794288175739348,1,42.9886698586842,0.931833498179913,5.86935117115389,0.00495590788915571,"random search",0.35771709320622,0.306754241364724,0.306428928943164,0.16567523671197,0.0218818380743982,0.00224215246636771,0.000339763980622744,45.7,10,0,0,446,457,10,0.154733455146043,0.102485270987819,0.519912472647702,0.0550120221377482,0.693654266958424,0.141406583636774,0.114846831519363,0.0331567549106528,0.0305463348776868,0.0497956887216518,0.129245263435607,0.148708504748253,0.160501248323008,0.088909581674146,0.03425762407025,0.0973701460350016,0.0297358782103741,0.0841866218106562,0.0218818380743982,0.00218818380743982,0.1
84,4381,0.206764808850916,0.869093129201792,25,2.97065919497949,0.718084525084123,0.0359654971704681,35.0281561914419,"random search",0.549817277095525,0.360663065321407,0.471350616517414,0.234240302915959,0.0218818380743982,0.00224215246636771,0.000339763980622744,45.7,10,0,0,446,457,10,0.154733455146043,0.102485270987819,0.519912472647702,0.0550120221377482,0.693654266958424,0.141406583636774,0.114846831519363,0.0331567549106528,0.0305463348776868,0.0497956887216518,0.129245263435607,0.148708504748253,0.160501248323008,0.088909581674146,0.03425762407025,0.0973701460350016,0.0297358782103741,0.0841866218106562,0.0218818380743982,0.00218818380743982,0.1
85,4449,0.00659269972268919,0.590254850429483,22,93.5914885853663,0.426307426765561,193.261736676334,0.00922016632209724,"random search",0.0959268159480706,0.152489523724483,0.144949124440848,0.089684887278849,0.0218818380743982,0.00224215246636771,0.000339763980622744,45.7,10,0,0,446,457,10,0.154733455146043,0.102485270987819,0.519912472647702,0.0550120221377482,0.693654266958424,0.141406583636774,0.114846831519363,0.0331567549106528,0.0305463348776868,0.0497956887216518,0.129245263435607,0.148708504748253,0.160501248323008,0.088909581674146,0.03425762407025,0.0973701460350016,0.0297358782103741,0.0841866218106562,0.0218818380743982,0.00218818380743982,0.1
86,1113,0.00882058776695136,0.958987257047556,7,1.0902628494233,0.530964898178354,0.00377481900779284,491.744899971753,"random search",0.211534761329567,0.21940473784262,0.23813635003228,0.244760558146329,0.0218818380743982,0.00224215246636771,0.000339763980622744,45.7,10,0,0,446,457,10,0.154733455146043,0.102485270987819,0.519912472647702,0.0550120221377482,0.693654266958424,0.141406583636774,0.114846831519363,0.0331567549106528,0.0305463348776868,0.0497956887216518,0.129245263435607,0.148708504748253,0.160501248323008,0.088909581674146,0.03425762407025,0.0973701460350016,0.0297358782103741,0.0841866218106562,0.0218818380743982,0.00218818380743982,0.1
87,4033,0.00295757131362231,0.155160160223022,15,10.0409464274367,0.996515272883698,0.00834905228638949,0.0332680574137703,"random search",0.467309726747881,0.391148056826551,0.397309459087565,0.23946393653511,0.0218818380743982,0.00224215246636771,0.000339763980622744,45.7,10,0,0,446,457,10,0.154733455146043,0.102485270987819,0.519912472647702,0.0550120221377482,0.693654266958424,0.141406583636774,0.114846831519363,0.0331567549106528,0.0305463348776868,0.0497956887216518,0.129245263435607,0.148708504748253,0.160501248323008,0.088909581674146,0.03425762407025,0.0973701460350016,0.0297358782103741,0.0841866218106562,0.0218818380743982,0.00218818380743982,0.1
88,2030,0.0294619827041853,0.159989901678637,24,1.38992652560206,0.610870383679867,0.135618766644628,0.00145064369865121,"random search",0.567357201828899,0.36401350213955,0.480284417302172,0.246402687601988,0.0218818380743982,0.00224215246636771,0.000339763980622744,45.7,10,0,0,446,457,10,0.154733455146043,0.102485270987819,0.519912472647702,0.0550120221377482,0.693654266958424,0.141406583636774,0.114846831519363,0.0331567549106528,0.0305463348776868,0.0497956887216518,0.129245263435607,0.148708504748253,0.160501248323008,0.088909581674146,0.03425762407025,0.0973701460350016,0.0297358782103741,0.0841866218106562,0.0218818380743982,0.00218818380743982,0.1
89,4376,0.00352585607389465,0.400211341236718,10,4.81112121644601,0.48358106915839,2.30445595031404,0.00277250781815766,"random search",0.535010958995451,0.419589017434816,0.45904392879454,0.344546366968698,0.0218818380743982,0.00224215246636771,0.000339763980622744,45.7,10,0,0,446,457,10,0.154733455146043,0.102485270987819,0.519912472647702,0.0550120221377482,0.693654266958424,0.141406583636774,0.114846831519363,0.0331567549106528,0.0305463348776868,0.0497956887216518,0.129245263435607,0.148708504748253,0.160501248323008,0.088909581674146,0.03425762407025,0.0973701460350016,0.0297358782103741,0.0841866218106562,0.0218818380743982,0.00218818380743982,0.1
90,219,0.00145499735183505,0.463344588829204,24,21.7336933924679,0.696177782490849,0.998574765456752,0.303315301846016,"random search",-0.0493355163149107,-0.546724313665762,-0.0302384313783179,-0.535137951895888,0.0218818380743982,0.00224215246636771,0.000339763980622744,45.7,10,0,0,446,457,10,0.154733455146043,0.102485270987819,0.519912472647702,0.0550120221377482,0.693654266958424,0.141406583636774,0.114846831519363,0.0331567549106528,0.0305463348776868,0.0497956887216518,0.129245263435607,0.148708504748253,0.160501248323008,0.088909581674146,0.03425762407025,0.0973701460350016,0.0297358782103741,0.0841866218106562,0.0218818380743982,0.00218818380743982,0.1
91,3371,0.145638887124233,0.440133889438584,1,7.04621651576994,0.917843860108405,0.0502574348206505,141.974767800382,"random search",0.465916791096451,0.333132386206806,0.349186462942547,0.11504275174463,0.0218818380743982,0.00224215246636771,0.000339763980622744,45.7,10,0,0,446,457,10,0.154733455146043,0.102485270987819,0.519912472647702,0.0550120221377482,0.693654266958424,0.141406583636774,0.114846831519363,0.0331567549106528,0.0305463348776868,0.0497956887216518,0.129245263435607,0.148708504748253,0.160501248323008,0.088909581674146,0.03425762407025,0.0973701460350016,0.0297358782103741,0.0841866218106562,0.0218818380743982,0.00218818380743982,0.1
92,2020,0.0325755176301999,0.560842201509513,5,62.5220234567006,0.0226012696512043,0.00136170195323558,0.00360143082206751,"random search",0.334249841644384,0.220788698298604,0.349531092266792,0.122144559533125,0.0218818380743982,0.00224215246636771,0.000339763980622744,45.7,10,0,0,446,457,10,0.154733455146043,0.102485270987819,0.519912472647702,0.0550120221377482,0.693654266958424,0.141406583636774,0.114846831519363,0.0331567549106528,0.0305463348776868,0.0497956887216518,0.129245263435607,0.148708504748253,0.160501248323008,0.088909581674146,0.03425762407025,0.0973701460350016,0.0297358782103741,0.0841866218106562,0.0218818380743982,0.00218818380743982,0.1
93,118,0.18025943163339,0.259179820818827,13,121.700077792881,0.902368793264031,344.152607813562,0.26780142682532,"random search",-0.493475561723677,-0.00462434515622956,-0.384930663379658,-0.0126685284161423,0.0218818380743982,0.00224215246636771,0.000339763980622744,45.7,10,0,0,446,457,10,0.154733455146043,0.102485270987819,0.519912472647702,0.0550120221377482,0.693654266958424,0.141406583636774,0.114846831519363,0.0331567549106528,0.0305463348776868,0.0497956887216518,0.129245263435607,0.148708504748253,0.160501248323008,0.088909581674146,0.03425762407025,0.0973701460350016,0.0297358782103741,0.0841866218106562,0.0218818380743982,0.00218818380743982,0.1
94,158,0.866958128367619,0.834044516459107,22,16.5698274292427,0.925821027485654,0.0622326677638339,226.88908239035,"random search",0.516599273696436,0.369282438982341,0.467601080126194,0.274412439393763,0.0218818380743982,0.00224215246636771,0.000339763980622744,45.7,10,0,0,446,457,10,0.154733455146043,0.102485270987819,0.519912472647702,0.0550120221377482,0.693654266958424,0.141406583636774,0.114846831519363,0.0331567549106528,0.0305463348776868,0.0497956887216518,0.129245263435607,0.148708504748253,0.160501248323008,0.088909581674146,0.03425762407025,0.0973701460350016,0.0297358782103741,0.0841866218106562,0.0218818380743982,0.00218818380743982,0.1
95,2246,0.247982536373176,0.239807992218994,17,13.18124111821,0.398877667961642,1.70567368096789,4.95865506519154,"random search",0.512336089986123,0.170686584699572,0.42821143084554,-0.0693252528317441,0.0218818380743982,0.00224215246636771,0.000339763980622744,45.7,10,0,0,446,457,10,0.154733455146043,0.102485270987819,0.519912472647702,0.0550120221377482,0.693654266958424,0.141406583636774,0.114846831519363,0.0331567549106528,0.0305463348776868,0.0497956887216518,0.129245263435607,0.148708504748253,0.160501248323008,0.088909581674146,0.03425762407025,0.0973701460350016,0.0297358782103741,0.0841866218106562,0.0218818380743982,0.00218818380743982,0.1
96,3881,0.0741392538882328,0.80859195489902,17,10.4450887581773,0.754861098015681,4.4955821229204,48.4766587724755,"random search",0.561790279989251,0.409937735570312,0.498128907073448,0.352408181357224,0.0218818380743982,0.00224215246636771,0.000339763980622744,45.7,10,0,0,446,457,10,0.154733455146043,0.102485270987819,0.519912472647702,0.0550120221377482,0.693654266958424,0.141406583636774,0.114846831519363,0.0331567549106528,0.0305463348776868,0.0497956887216518,0.129245263435607,0.148708504748253,0.160501248323008,0.088909581674146,0.03425762407025,0.0973701460350016,0.0297358782103741,0.0841866218106562,0.0218818380743982,0.00218818380743982,0.1
97,4563,0.749116587417404,0.751264801970683,5,2.63148113090039,0.667226136662066,12.1933284575718,0.00501294251481162,"random search",0.538775541417456,0.270996925010106,0.493929844343783,0.114010422330251,0.0218818380743982,0.00224215246636771,0.000339763980622744,45.7,10,0,0,446,457,10,0.154733455146043,0.102485270987819,0.519912472647702,0.0550120221377482,0.693654266958424,0.141406583636774,0.114846831519363,0.0331567549106528,0.0305463348776868,0.0497956887216518,0.129245263435607,0.148708504748253,0.160501248323008,0.088909581674146,0.03425762407025,0.0973701460350016,0.0297358782103741,0.0841866218106562,0.0218818380743982,0.00218818380743982,0.1
98,909,0.0105811475705647,0.650429324340075,6,3.81411544479628,0.972572425380349,2.32615528929635,102.004861340983,"random search",0.487841733372338,0.386517021741565,0.436945315141911,0.319649104297968,0.0218818380743982,0.00224215246636771,0.000339763980622744,45.7,10,0,0,446,457,10,0.154733455146043,0.102485270987819,0.519912472647702,0.0550120221377482,0.693654266958424,0.141406583636774,0.114846831519363,0.0331567549106528,0.0305463348776868,0.0497956887216518,0.129245263435607,0.148708504748253,0.160501248323008,0.088909581674146,0.03425762407025,0.0973701460350016,0.0297358782103741,0.0841866218106562,0.0218818380743982,0.00218818380743982,0.1
99,810,0.00198348701244136,0.208273576619104,24,118.83453126044,0.503183244261891,679.989475126482,818.297230753859,"random search",-0.755441860932373,-1.035606071672,-0.559694993027973,-1.02724465957451,0.0218818380743982,0.00224215246636771,0.000339763980622744,45.7,10,0,0,446,457,10,0.154733455146043,0.102485270987819,0.519912472647702,0.0550120221377482,0.693654266958424,0.141406583636774,0.114846831519363,0.0331567549106528,0.0305463348776868,0.0497956887216518,0.129245263435607,0.148708504748253,0.160501248323008,0.088909581674146,0.03425762407025,0.0973701460350016,0.0297358782103741,0.0841866218106562,0.0218818380743982,0.00218818380743982,0.1
100,890,0.411365245880421,0.154079297045246,10,1.17893673542928,0.554029201157391,7.19703590025807,0.419141300157925,"random search",0.54009132676087,0.110322917131955,0.38076133374777,-0.152504314041142,0.0218818380743982,0.00224215246636771,0.000339763980622744,45.7,10,0,0,446,457,10,0.154733455146043,0.102485270987819,0.519912472647702,0.0550120221377482,0.693654266958424,0.141406583636774,0.114846831519363,0.0331567549106528,0.0305463348776868,0.0497956887216518,0.129245263435607,0.148708504748253,0.160501248323008,0.088909581674146,0.03425762407025,0.0973701460350016,0.0297358782103741,0.0841866218106562,0.0218818380743982,0.00218818380743982,0.1
1,4957,0.109349414684139,0.948526610457338,24,8.22114210688627,0.932062364881858,3.89762745651237,0.0514062296843765,"Meta XGB KGE",0.527728380815375,0.34311155828653,0.620353545277412,0.499359457094692,0.0218818380743982,0.00224215246636771,0.000339763980622744,45.7,10,0,0,446,457,10,0.154733455146043,0.102485270987819,0.519912472647702,0.0550120221377482,0.693654266958424,0.141406583636774,0.114846831519363,0.0331567549106528,0.0305463348776868,0.0497956887216518,0.129245263435607,0.148708504748253,0.160501248323008,0.088909581674146,0.03425762407025,0.0973701460350016,0.0297358782103741,0.0841866218106562,0.0218818380743982,0.00218818380743982,0.1
1,4624,0.0223990251895248,0.52770669257734,25,5.36360064997806,0.87639381736517,0.0010126301382627,0.00979190409021412,"Meta XGB NSE",0.526544306301458,0.381923031318677,0.60586825333158,0.485333540343177,0.0218818380743982,0.00224215246636771,0.000339763980622744,45.7,10,0,0,446,457,10,0.154733455146043,0.102485270987819,0.519912472647702,0.0550120221377482,0.693654266958424,0.141406583636774,0.114846831519363,0.0331567549106528,0.0305463348776868,0.0497956887216518,0.129245263435607,0.148708504748253,0.160501248323008,0.088909581674146,0.03425762407025,0.0973701460350016,0.0297358782103741,0.0841866218106562,0.0218818380743982,0.00218818380743982,0.1
